n,p10,p50,p90,p90_over_p10
1264,7.39,7.78,8.72,1.18
517,7.39,7.78,11.85,1.6
522,7.64,9.09,13.0,1.7
235,11.84,12.85,18.23,1.54
1438,11.85,15.1,18.23,1.54
760,14.1,15.1,18.44,1.31
639,14.1,15.23,18.35,1.3
402,15.15,17.06,22.52,1.49
196,16.79,22.41,37.04,2.21
510,17.63,22.85,37.04,2.1
1067,7.39,7.78,8.78,1.19
519,7.39,8.02,12.13,1.64
595,7.53,9.09,13.96,1.85
344,11.85,13.01,17.58,1.48
1485,12.48,15.1,18.31,1.47
919,13.74,15.24,18.93,1.38
796,14.1,15.94,21.9,1.55
468,15.75,17.68,25.63,1.63
217,16.79,22.99,40.06,2.39
405,17.63,24.83,37.46,2.12
1429,7.39,7.78,9.98,1.35
755,7.39,7.94,12.41,1.68
605,7.42,11.85,14.22,1.91
635,11.85,12.99,18.24,1.54
2619,11.85,15.1,18.3,1.54
1906,12.48,15.1,18.56,1.49
1363,14.15,16.71,22.06,1.56
659,15.79,17.91,25.78,1.63
297,16.84,23.56,40.36,2.4
517,17.91,25.38,42.38,2.37
882,7.39,7.78,10.18,1.38
578,7.42,8.27,11.85,1.6
364,7.41,11.85,13.93,1.88
347,11.85,13.0,18.23,1.54
1389,11.85,15.1,18.35,1.55
821,12.79,15.23,18.66,1.46
692,14.1,16.39,22.06,1.56
393,15.79,17.85,25.63,1.62
171,16.79,23.69,37.7,2.25
270,17.63,25.63,44.4,2.52
227,7.39,8.11,10.99,1.49
150,7.43,8.29,11.85,1.6
71,7.39,11.85,13.71,1.86
58,11.85,12.94,18.23,1.54
296,12.69,15.1,18.42,1.45
164,12.83,15.23,18.63,1.45
140,15.1,16.11,20.28,1.34
47,15.79,18.23,29.79,1.89
51,18.89,25.38,42.38,2.24
34,7.43,8.51,11.79,1.59
58,11.9,15.23,19.4,1.63
42,13.54,16.11,20.42,1.51
33,14.3,16.32,22.3,1.56
204,7.39,7.92,9.84,1.33
80,7.39,8.28,11.89,1.61
79,7.78,9.09,13.82,1.78
49,11.85,14.52,18.28,1.54
198,12.72,15.1,18.41,1.45
116,14.1,15.4,18.67,1.32
142,14.1,15.56,18.77,1.33
110,16.76,18.78,25.73,1.54
87,17.63,22.27,37.04,2.1
191,7.44,8.72,10.96,1.47
94,7.78,9.1,13.77,1.77
121,8.3,11.15,14.94,1.8
78,11.85,13.78,18.99,1.6
342,12.79,15.26,19.06,1.49
187,14.52,16.79,20.04,1.38
150,14.46,16.49,20.49,1.42
79,15.79,18.11,23.4,1.48
53,20.81,24.19,39.08,1.88
89,19.24,25.85,43.18,2.24
619,7.71,8.72,10.47,1.36
363,7.88,9.15,12.94,1.64
362,8.35,12.48,16.06,1.92
468,11.85,13.49,17.44,1.47
1326,12.48,15.23,19.0,1.52
889,14.11,16.46,19.81,1.4
563,14.61,16.79,21.03,1.44
380,16.02,19.06,27.97,1.75
225,17.44,24.89,50.96,2.92
480,18.96,27.5,47.05,2.48
678,7.55,8.72,10.96,1.45
298,7.78,9.27,12.68,1.63
283,8.19,12.62,14.68,1.79
409,11.85,12.84,17.4,1.47
1201,12.27,15.23,18.92,1.54
764,13.74,15.86,19.33,1.41
474,14.24,16.79,22.1,1.55
388,15.92,18.33,26.1,1.64
159,18.04,25.16,45.9,2.54
246,18.23,26.54,51.2,2.81
268,7.48,8.72,11.15,1.49
101,7.43,8.9,13.44,1.81
112,8.72,11.85,14.68,1.68
86,11.74,13.61,16.38,1.4
421,12.69,15.3,18.41,1.45
264,14.23,16.11,18.79,1.32
198,15.1,16.89,22.08,1.46
115,16.15,18.89,26.24,1.63
54,19.57,23.98,35.86,1.83
78,19.56,27.2,51.52,2.63
103,7.78,9.09,12.13,1.56
50,8.3,9.34,13.03,1.57
54,8.88,12.66,13.92,1.57
36,10.96,12.77,16.11,1.47
186,11.86,15.11,18.37,1.55
85,15.1,16.52,20.44,1.35
68,15.1,17.18,19.46,1.29
47,15.54,18.49,22.88,1.47
34,18.89,26.1,39.82,2.11
75,10.06,14.14,16.15,1.6
72,12.56,15.23,18.74,1.49
33,12.53,16.21,20.72,1.65
42,15.11,17.06,18.33,1.21
79,7.39,8.88,11.66,1.58
41,8.29,9.44,12.69,1.53
55,8.73,10.96,14.54,1.67
68,10.96,12.79,16.27,1.48
182,11.85,14.8,19.52,1.65
106,15.1,16.12,19.75,1.31
55,15.1,16.6,19.51,1.29
41,16.86,19.15,27.21,1.61
32,20.42,32.62,54.01,2.64
235,7.98,9.27,11.74,1.47
117,8.29,9.53,14.29,1.72
180,9.09,12.06,16.6,1.83
264,11.85,13.71,17.84,1.51
632,12.69,15.84,19.82,1.56
460,15.1,16.36,20.46,1.35
237,15.1,17.2,23.49,1.56
168,15.79,19.07,26.97,1.71
82,20.06,26.68,43.42,2.16
129,20.7,28.01,46.98,2.27
521,7.78,9.21,11.73,1.51
260,8.72,9.74,13.72,1.57
297,9.03,12.69,16.11,1.78
308,11.85,13.71,18.71,1.58
995,12.79,15.8,19.75,1.54
715,13.92,16.42,21.54,1.55
459,15.18,17.43,23.7,1.56
302,16.79,20.52,36.1,2.15
292,18.21,25.21,52.81,2.9
418,19.33,27.9,56.87,2.94
376,8.46,9.43,12.83,1.52
162,8.72,9.94,14.63,1.68
185,9.2,12.84,15.98,1.74
116,12.07,14.22,19.46,1.61
614,13.46,16.11,19.46,1.45
354,14.23,16.88,22.47,1.58
329,15.29,16.88,23.26,1.52
197,16.07,19.67,27.38,1.7
62,18.16,25.66,38.69,2.13
177,19.13,27.83,44.48,2.33
134,8.46,9.34,13.1,1.55
68,8.72,9.94,13.52,1.55
54,8.7,11.93,14.17,1.63
72,11.85,13.2,16.3,1.38
255,12.85,15.56,19.28,1.5
135,14.02,16.22,19.61,1.4
101,15.1,16.86,22.39,1.48
75,16.11,19.19,26.17,1.62
30,18.24,29.61,48.49,2.66
30,19.36,24.54,39.98,2.07
32,8.39,10.48,18.89,2.25
59,12.62,15.73,18.5,1.47
41,14.52,16.11,20.57,1.42
57,7.89,9.16,11.25,1.43
42,11.87,15.38,19.61,1.65
32,14.2,16.5,21.5,1.51
84,8.31,9.51,13.81,1.66
43,9.32,11.23,14.4,1.55
49,8.97,12.24,16.21,1.81
108,12.56,13.54,16.79,1.34
259,12.69,15.58,19.59,1.54
189,15.13,16.94,21.16,1.4
116,16.11,18.09,24.39,1.51
75,17.75,22.37,36.86,2.08
51,20.9,29.09,52.12,2.49
304,8.72,9.34,12.91,1.48
171,8.88,10.5,14.15,1.59
146,9.38,13.37,16.44,1.75
197,12.69,14.52,19.53,1.54
663,12.69,16.27,22.27,1.75
472,14.38,16.85,20.36,1.42
324,15.11,17.44,24.92,1.65
180,15.72,20.32,32.18,2.05
88,19.3,26.96,52.68,2.73
128,20.39,27.07,44.59,2.19
312,8.88,9.52,12.72,1.43
163,8.88,10.49,13.85,1.56
185,9.29,12.99,16.33,1.76
181,12.69,13.93,18.0,1.42
714,13.16,16.11,19.7,1.5
473,14.51,17.51,20.34,1.4
315,15.12,17.95,24.71,1.63
132,16.85,19.95,35.31,2.1
74,17.92,26.9,43.72,2.44
175,21.15,29.7,48.98,2.32
139,8.85,9.34,12.43,1.4
77,8.9,11.22,13.98,1.57
82,9.27,12.84,14.8,1.6
123,11.88,12.92,16.74,1.41
358,12.13,15.22,19.55,1.61
226,15.15,16.35,19.74,1.3
150,15.23,17.26,23.04,1.51
76,16.2,19.9,28.34,1.75
34,21.95,31.38,39.8,1.81
52,22.5,27.38,49.72,2.21
51,8.95,11.73,18.37,2.05
45,9.54,13.0,16.7,1.75
36,13.1,15.17,23.9,1.82
109,13.34,15.81,17.95,1.35
82,15.1,16.25,19.74,1.31
40,16.2,18.03,31.06,1.92
37,17.68,19.66,49.66,2.81
33,15.54,19.51,23.1,1.49
96,7.55,10.53,12.7,1.68
62,7.39,8.77,13.65,1.85
143,7.72,12.47,13.72,1.78
78,12.39,14.18,19.23,1.55
244,12.79,16.62,19.32,1.51
158,13.51,17.6,23.12,1.71
94,15.23,17.94,26.49,1.74
68,16.79,19.48,27.32,1.63
36,20.68,30.46,42.4,2.05
219,8.72,11.73,13.11,1.5
145,8.98,11.99,15.07,1.68
176,11.73,13.72,17.81,1.52
212,13.1,14.69,19.28,1.47
661,13.72,17.12,23.1,1.68
423,15.16,18.11,23.62,1.56
319,16.17,18.7,25.79,1.6
168,17.92,22.43,30.54,1.7
84,19.63,27.22,57.23,2.92
145,20.67,29.79,48.59,2.35
355,8.88,11.73,13.25,1.49
211,9.0,11.9,14.83,1.65
284,11.44,13.57,17.59,1.54
286,12.35,14.74,19.55,1.58
1062,13.42,17.16,23.27,1.73
611,15.25,18.06,23.57,1.55
409,16.46,18.29,24.9,1.51
260,17.78,22.17,38.21,2.15
144,19.92,29.52,45.32,2.28
207,20.75,29.58,48.68,2.35
229,9.34,11.76,13.55,1.45
142,9.12,11.91,14.43,1.58
201,11.24,13.54,16.26,1.45
277,12.01,14.44,18.09,1.51
883,12.97,16.26,21.82,1.68
701,14.8,17.83,23.29,1.57
395,15.1,18.02,23.78,1.57
197,17.37,19.85,29.34,1.69
91,19.73,29.09,43.02,2.18
142,21.4,28.86,45.47,2.13
69,9.24,12.11,21.57,2.33
32,10.64,13.62,18.56,1.75
125,12.9,16.44,23.21,1.8
82,15.56,17.77,21.7,1.39
49,16.01,18.1,28.96,1.81
32,11.77,13.62,16.28,1.38
79,14.1,17.6,23.29,1.65
56,14.52,17.95,22.93,1.58
162,9.19,12.43,14.15,1.54
88,9.53,12.6,16.76,1.76
134,11.85,13.5,17.64,1.49
103,13.08,14.57,18.31,1.4
320,13.68,17.46,23.19,1.7
227,16.0,18.1,24.18,1.51
177,16.65,19.07,26.0,1.56
98,17.5,20.93,27.83,1.59
39,21.11,25.94,47.29,2.24
71,23.34,30.27,47.23,2.02
165,9.63,11.9,13.86,1.44
76,11.32,12.8,17.17,1.52
123,12.19,14.57,18.09,1.48
160,13.47,15.39,22.22,1.65
439,14.53,18.02,24.28,1.67
265,15.31,19.09,25.08,1.64
177,17.16,20.05,28.18,1.64
124,18.17,22.07,33.61,1.85
66,23.1,29.54,54.48,2.36
99,23.94,33.12,52.25,2.18
187,10.79,12.26,15.1,1.4
143,11.42,12.43,16.27,1.42
150,11.73,14.14,20.99,1.79
228,12.13,14.94,21.78,1.8
842,12.55,16.52,23.35,1.86
608,15.1,17.8,24.02,1.59
378,17.15,18.8,26.94,1.57
270,17.64,20.86,33.65,1.91
83,26.17,37.9,49.26,1.88
165,25.12,32.99,57.43,2.29
123,8.9,12.09,31.47,3.53
45,7.93,12.8,31.05,3.91
71,11.73,13.46,24.58,2.1
69,13.27,16.28,22.92,1.73
401,13.37,16.32,26.27,1.96
292,14.1,17.67,24.08,1.71
138,16.33,17.67,31.3,1.92
97,16.86,19.13,29.11,1.73
37,22.77,37.97,47.4,2.08
53,28.75,34.71,52.95,1.84
45,14.9,18.7,26.79,1.8
41,15.59,20.98,25.61,1.64
54,9.59,13.08,23.84,2.49
51,9.94,14.14,17.92,1.8
66,12.56,15.64,18.05,1.44
80,12.86,17.5,24.15,1.88
189,14.28,18.27,26.53,1.86
136,15.24,20.98,28.06,1.84
87,15.96,21.51,29.11,1.82
52,16.11,23.4,32.8,2.04
40,26.09,36.27,61.8,2.37
366,11.85,13.08,15.04,1.27
134,11.41,13.26,16.32,1.43
188,13.0,16.22,19.49,1.5
141,13.65,16.74,26.97,1.98
594,15.1,20.19,26.77,1.77
404,16.25,21.18,27.4,1.69
285,18.06,21.89,28.61,1.58
157,18.95,25.22,34.52,1.82
70,23.45,29.94,47.03,2.01
139,24.94,33.64,59.94,2.4
224,10.86,13.24,16.59,1.53
99,11.1,13.3,17.44,1.57
145,9.26,14.53,19.96,2.16
148,14.2,17.84,24.61,1.73
515,14.86,20.4,27.48,1.85
356,16.56,21.68,29.92,1.81
258,16.86,22.6,35.04,2.08
199,19.9,29.39,47.9,2.41
63,27.06,43.24,60.09,2.22
139,27.07,39.66,58.78,2.17
109,11.11,13.71,25.63,2.31
48,11.67,16.03,25.68,2.2
50,13.31,17.15,28.79,2.16
35,13.65,17.65,37.21,2.73
185,14.68,20.68,36.43,2.48
92,16.32,21.26,45.0,2.76
103,16.33,22.96,41.86,2.56
55,18.97,25.73,38.54,2.03
39,9.9,34.97,59.06,5.97
41,25.4,33.57,53.04,2.09
60,12.81,16.49,18.06,1.41
93,12.77,17.97,24.96,1.96
62,16.01,18.8,26.67,1.67
50,14.17,19.14,21.81,1.54
75,12.48,21.44,33.44,2.68
51,15.59,27.16,36.04,2.31
35,15.59,24.07,36.08,2.31
95,8.88,13.65,16.35,1.84
50,11.84,16.38,31.04,2.62
58,11.08,17.2,21.42,1.93
62,13.83,18.0,27.12,1.96
229,16.1,20.98,34.77,2.16
145,17.67,25.89,36.65,2.07
100,17.69,26.02,35.7,2.02
73,19.66,29.37,49.6,2.52
31,24.55,35.8,70.34,2.87
72,26.27,38.02,59.58,2.27
147,11.16,14.76,18.73,1.68
101,9.07,14.37,22.0,2.43
135,11.73,16.18,21.14,1.8
114,12.8,18.89,34.76,2.72
435,14.1,22.13,34.59,2.45
280,16.39,23.31,35.78,2.18
217,16.83,25.42,39.64,2.36
140,18.2,28.5,41.57,2.28
62,25.27,36.08,69.6,2.75
122,27.47,38.72,70.76,2.58
192,10.77,14.2,19.27,1.79
92,11.67,15.25,36.91,3.16
144,11.9,14.96,24.94,2.1
89,13.75,18.44,34.02,2.48
374,14.53,19.26,32.06,2.21
204,16.85,22.19,34.73,2.06
183,16.95,22.27,40.83,2.41
88,19.05,27.98,51.1,2.68
55,23.74,36.17,73.8,3.11
75,25.07,38.09,65.03,2.59
30,13.54,17.01,43.93,3.24
30,15.83,16.44,34.72,2.19
41,11.85,23.91,34.87,2.94
173,14.37,26.46,45.72,3.18
347,20.29,40.38,54.68,2.69
176,16.02,33.13,52.39,3.27
57,21.65,45.06,62.47,2.89
91,19.74,50.5,78.54,3.98
65,11.8,15.04,18.13,1.54
32,10.76,15.98,21.47,1.99
38,12.79,16.74,24.02,1.88
120,13.82,22.27,35.84,2.59
97,15.95,25.95,43.8,2.75
49,17.35,26.27,51.75,2.98
31,18.32,27.88,46.73,2.55
161,11.19,16.41,20.74,1.85
103,12.26,16.73,23.64,1.93
106,12.59,18.69,24.38,1.94
83,17.17,22.73,41.39,2.41
483,14.74,24.09,41.59,2.82
262,17.46,32.27,46.19,2.65
212,17.74,27.82,47.16,2.66
149,20.1,35.57,63.99,3.18
76,21.15,45.48,73.26,3.46
96,27.84,42.6,69.6,2.5
662,11.73,16.85,27.24,2.32
380,11.73,16.31,25.26,2.15
387,13.56,20.0,35.11,2.59
321,13.89,24.12,45.46,3.27
1374,16.15,23.56,48.28,2.99
686,17.6,27.29,60.14,3.42
595,17.6,27.5,60.02,3.41
354,19.8,38.06,78.53,3.97
159,25.27,47.85,85.0,3.36
281,26.89,43.65,92.35,3.43
54,13.02,25.51,73.37,5.63
55,15.91,30.98,89.27,5.61
34,19.48,48.83,71.53,3.67
603,14.53,29.98,53.74,3.7
295,18.61,32.97,59.76,3.21
499,17.81,34.63,68.11,3.82
369,22.04,38.1,82.08,3.72
1221,21.43,46.87,96.82,4.52
608,21.76,56.18,107.61,4.94
449,23.21,57.79,124.92,5.38
309,26.58,62.07,133.51,5.02
159,38.46,87.54,218.12,5.67
251,37.03,87.65,184.98,5.0
