customer_state,seller_state,n,median_freight,median_distance,median_delivery_days
AC,BA,1,51.7,3228.2,66.0
AC,DF,1,26.4,,11.0
AC,GO,1,48.6,2177.9,18.0
AC,MA,1,27.8,2733.8,15.0
AC,MG,10,50.7,2756.6,21.0
AC,MS,2,21.4,1830.4,19.0
AC,PR,1,39.0,2596.3,23.0
AC,RJ,1,33.2,3007.1,20.0
AC,RS,2,37.5,2781.4,17.5
AC,SC,5,45.1,2692.1,14.0
AC,SP,67,30.2,2704.5,17.0
AL,AM,1,35.3,2773.2,90.0
AL,BA,10,17.1,506.4,15.0
AL,CE,2,20.4,687.1,19.0
AL,DF,4,46.2,1495.8,11.0
AL,GO,7,23.2,1562.6,17.0
AL,MA,4,19.4,1221.7,30.5
AL,MG,39,37.0,1452.5,19.5
AL,PB,1,24.9,365.7,31.0
AL,PE,9,15.3,185.9,17.0
AL,PR,46,42.0,2268.0,30.0
AL,RJ,13,23.3,1671.7,23.0
AL,RN,1,15.4,415.2,9.0
AL,RS,10,32.4,2753.0,21.0
AL,SC,11,42.4,2395.4,22.0
AL,SP,286,34.2,1919.6,22.0
AM,BA,1,44.7,2627.9,33.0
AM,CE,1,38.0,2367.2,138.0
AM,GO,2,26.6,1913.1,32.0
AM,MA,1,25.2,1753.8,15.0
AM,MG,15,29.9,2548.3,28.0
AM,PR,15,27.7,2562.9,28.0
AM,RJ,9,32.3,2832.3,21.0
AM,RS,7,37.6,3130.5,13.0
AM,SC,4,55.9,2978.0,27.5
AM,SP,110,24.8,2692.8,25.0
AP,BA,2,35.9,2009.4,20.5
AP,GO,1,27.6,1876.6,24.0
AP,MA,1,21.1,809.4,28.0
AP,MG,3,40.0,2352.5,26.0
AP,PE,2,15.9,2005.3,30.0
AP,PR,3,58.4,2610.7,24.0
AP,RJ,1,27.6,2673.0,30.0
AP,RS,3,33.8,3341.4,16.0
AP,SC,4,62.4,3037.4,29.5
AP,SP,62,26.6,2662.9,23.0
BA,BA,78,13.9,101.1,9.0
BA,CE,3,27.5,1289.0,19.0
BA,DF,39,20.6,1068.8,17.0
BA,ES,30,38.0,861.5,12.0
BA,GO,8,30.6,1231.2,13.0
BA,MA,10,20.1,1327.7,22.0
BA,MG,430,19.8,1024.2,15.0
BA,MS,3,39.3,1770.6,34.0
BA,MT,4,38.6,1741.0,11.5
BA,PB,2,25.9,740.2,14.0
BA,PE,32,24.0,841.6,11.5
BA,PR,167,35.0,1792.4,18.0
BA,RJ,145,26.3,1210.7,14.0
BA,RN,5,26.4,865.0,13.0
BA,RO,1,75.1,2706.3,15.0
BA,RS,49,42.4,2231.1,18.0
BA,SC,85,36.1,1922.7,17.0
BA,SP,2708,19.9,1449.4,17.0
CE,BA,14,29.6,1013.0,10.5
CE,CE,9,63.1,10.1,6.0
CE,DF,15,25.8,1682.5,17.0
CE,ES,4,51.8,1838.6,14.0
CE,GO,13,34.6,1803.4,16.0
CE,MA,9,15.6,647.7,9.0
CE,MG,83,34.6,1892.4,17.0
CE,MT,2,38.6,2191.4,24.0
CE,PB,3,18.4,332.1,7.0
CE,PE,17,17.4,626.6,9.0
CE,PI,1,28.2,556.2,13.0
CE,PR,74,34.9,2664.5,17.5
CE,RJ,59,26.5,2172.1,20.5
CE,RN,4,19.1,411.3,18.0
CE,RS,14,32.5,3178.6,13.0
CE,SC,23,55.4,2809.2,20.0
CE,SP,1134,26.8,2316.7,18.0
DF,BA,19,20.4,1088.0,10.5
DF,CE,1,27.8,1689.8,9.0
DF,DF,61,8.7,15.4,4.0
DF,ES,1,42.0,947.1,18.0
DF,GO,30,14.9,177.7,8.0
DF,MA,28,23.2,1534.9,13.0
DF,MG,221,16.8,618.0,10.0
DF,MS,4,25.6,882.0,10.0
DF,MT,7,18.3,874.8,8.5
DF,PB,1,38.8,1708.2,16.0
DF,PE,16,23.6,1658.6,9.0
DF,PR,178,25.6,1076.6,11.0
DF,RJ,114,16.3,921.6,11.0
DF,RN,1,22.8,1790.4,12.0
DF,RS,50,25.1,1583.1,11.0
DF,SC,75,27.1,1258.9,12.0
DF,SP,1599,16.4,861.2,11.0
ES,BA,13,19.3,850.0,11.0
ES,CE,3,20.4,1843.2,21.0
ES,DF,22,19.0,948.6,20.0
ES,ES,9,22.0,71.4,6.0
ES,GO,5,35.0,1030.1,13.0
ES,MA,13,23.0,2028.1,26.0
ES,MG,206,19.5,444.3,13.0
ES,MT,2,38.5,1877.8,21.5
ES,PB,1,52.5,1536.3,23.0
ES,PE,22,18.1,1409.4,13.0
ES,PR,117,25.9,1184.5,15.0
ES,RJ,111,16.5,412.2,10.0
ES,RO,1,58.5,2531.2,19.0
ES,RS,29,25.7,1519.2,10.0
ES,SC,54,27.2,1165.0,13.0
ES,SE,1,42.9,1246.2,15.0
ES,SP,1647,17.6,761.7,13.0
GO,BA,11,25.7,1240.7,15.0
GO,CE,1,144.3,1850.2,13.0
GO,DF,37,14.0,165.4,8.5
GO,ES,3,53.0,1017.0,14.0
GO,GO,39,12.7,50.9,4.0
GO,MA,17,25.2,1671.3,20.0
GO,MG,173,19.7,664.9,12.0
GO,MS,1,20.4,757.7,11.0
GO,MT,11,18.7,743.8,11.0
GO,PB,1,26.1,1722.8,8.0
GO,PE,13,34.2,1727.2,14.0
GO,PR,94,34.3,960.7,14.0
GO,RJ,127,19.2,930.3,13.0
GO,RS,26,34.2,1440.8,13.0
GO,SC,77,34.2,1126.0,14.0
GO,SE,1,36.3,1550.7,15.0
GO,SP,1701,17.8,794.4,13.0
MA,AM,1,21.2,1660.4,29.0
MA,BA,17,29.5,1316.3,15.0
MA,CE,2,61.6,656.7,21.0
MA,DF,11,24.5,1529.0,19.0
MA,ES,2,25.9,2025.2,15.5
MA,GO,14,23.6,1741.8,15.0
MA,MA,15,9.6,6.5,7.0
MA,MG,72,34.2,1926.7,18.0
MA,MT,3,38.6,1617.4,17.0
MA,PB,1,17.5,1164.5,7.0
MA,PE,5,21.5,1203.0,11.0
MA,PI,1,35.8,516.1,5.0
MA,PR,45,36.7,2555.9,20.0
MA,RJ,31,26.2,2256.1,18.0
MA,RS,15,33.9,3103.5,20.0
MA,SC,23,42.8,2701.6,21.0
MA,SP,566,34.4,2234.9,20.0
MG,AM,1,25.3,2549.2,23.0
MG,BA,55,28.3,978.9,10.0
MG,CE,4,32.1,1918.9,8.5
MG,DF,108,16.0,620.3,8.0
MG,ES,52,33.0,389.5,10.0
MG,GO,100,17.6,661.6,9.0
MG,MA,32,25.0,1937.9,14.5
MG,MG,1709,14.2,241.4,7.0
MG,MS,4,26.4,1164.0,15.5
MG,MT,21,29.0,1372.8,12.0
MG,PA,1,18.5,780.9,14.0
MG,PB,2,34.4,1675.7,9.0
MG,PE,72,27.6,1660.8,10.0
MG,PI,2,39.7,1470.8,14.0
MG,PR,938,19.6,843.1,12.0
MG,RJ,622,16.8,339.8,10.0
MG,RN,1,18.3,560.0,3.0
MG,RS,219,22.8,1299.5,10.0
MG,SC,483,23.4,938.2,12.0
MG,SP,8703,17.6,488.9,10.0
MS,BA,2,57.1,2050.1,18.0
MS,CE,1,85.8,2521.7,12.0
MS,DF,8,18.7,873.5,12.5
MS,GO,9,22.3,704.5,14.0
MS,MA,3,30.1,2290.4,12.0
MS,MG,71,19.8,913.5,15.0
MS,MT,5,19.7,564.3,14.0
MS,PE,2,36.3,2417.3,13.5
MS,PR,66,19.3,637.6,12.0
MS,RJ,43,18.3,1196.5,14.0
MS,RS,17,24.1,1030.4,12.0
MS,SC,31,20.2,903.7,12.0
MS,SP,561,17.7,850.4,14.0
MT,BA,7,40.0,1941.5,17.0
MT,CE,3,38.0,2155.8,29.0
MT,DF,13,17.1,879.9,15.0
MT,ES,8,23.4,1737.2,15.0
MT,GO,10,18.6,774.8,14.5
MT,MA,4,24.1,1950.7,23.5
MT,MG,65,33.9,1265.7,19.5
MT,MS,2,32.7,765.4,12.0
MT,MT,7,13.8,412.1,11.0
MT,PB,1,51.5,1977.1,16.0
MT,PE,1,30.1,2439.4,20.0
MT,PR,72,27.5,1206.3,15.0
MT,RJ,32,26.0,1547.7,20.0
MT,RS,28,38.6,1723.7,13.5
MT,SC,30,36.2,1480.4,18.5
MT,SP,772,20.9,1331.1,15.0
PA,BA,11,35.1,1595.3,21.0
PA,CE,3,120.9,1202.7,19.0
PA,DF,11,23.1,1600.5,17.0
PA,ES,3,114.6,2234.9,26.0
PA,GO,10,28.4,1643.7,17.5
PA,MA,5,18.3,484.6,26.0
PA,MG,95,36.0,2101.6,23.5
PA,MT,3,38.6,1255.3,20.0
PA,PB,1,20.9,1710.6,19.0
PA,PE,7,36.1,1700.8,14.0
PA,PR,60,42.8,2516.1,22.0
PA,RJ,39,33.3,2415.2,19.0
PA,RN,1,26.3,1552.4,26.0
PA,RS,24,36.1,3155.0,21.0
PA,SC,21,56.4,2830.7,23.0
PA,SE,1,26.0,1607.7,15.0
PA,SP,785,26.1,2420.7,20.0
PB,BA,10,27.5,749.8,14.5
PB,CE,1,46.1,494.7,
PB,DF,8,34.2,1667.8,15.0
PB,GO,7,42.9,1842.8,25.0
PB,MA,4,20.1,1141.8,21.0
PB,MG,59,35.7,1743.0,17.0
PB,MT,2,40.4,2409.3,27.0
PB,PB,1,9.6,3.6,8.0
PB,PE,8,16.0,151.7,7.5
PB,PI,1,23.6,849.6,12.0
PB,PR,46,34.5,2539.6,19.0
PB,RJ,25,25.1,1938.3,13.0
PB,RN,2,34.6,325.3,11.5
PB,RS,8,53.8,3031.0,12.5
PB,SC,20,46.5,2643.8,21.5
PB,SP,400,34.3,2189.3,18.0
PE,BA,36,19.0,656.2,15.0
PE,CE,7,21.9,629.4,13.0
PE,DF,10,23.8,1619.2,14.0
PE,ES,6,48.2,1474.5,14.5
PE,GO,11,24.8,1779.5,18.0
PE,MA,23,20.5,1202.5,12.5
PE,MG,119,34.2,1648.7,14.0
PE,MT,6,28.1,2450.0,25.5
PE,PB,2,16.2,121.1,6.5
PE,PE,24,12.6,48.5,5.0
PE,PI,1,24.9,834.5,23.0
PE,PR,102,41.8,2461.7,17.0
PE,RJ,108,33.7,1853.1,13.0
PE,RS,18,51.2,2947.7,19.5
PE,SC,42,46.1,2568.7,18.0
PE,SE,2,39.5,402.2,11.0
PE,SP,1289,26.3,2103.9,15.0
PI,BA,10,30.8,835.5,9.0
PI,CE,3,15.4,490.9,22.0
PI,DF,8,24.2,1319.6,18.5
PI,ES,2,70.0,1738.6,17.5
PI,GO,2,43.9,1421.7,20.5
PI,MA,5,17.0,327.4,14.0
PI,MG,33,34.2,1660.4,13.0
PI,PE,8,21.6,830.0,16.5
PI,PI,1,20.1,163.4,2.0
PI,PR,32,44.2,2265.0,15.5
PI,RJ,28,35.5,1965.1,14.0
PI,RS,13,36.0,2899.2,16.0
PI,SC,19,46.9,2519.9,21.0
PI,SP,378,34.2,2078.3,17.0
PR,BA,14,35.8,1780.5,14.0
PR,CE,6,31.4,2667.8,20.0
PR,DF,33,23.9,1072.6,10.5
PR,ES,16,36.6,1119.9,10.0
PR,GO,16,38.4,979.2,14.0
PR,MA,9,27.8,2606.1,17.0
PR,MG,415,19.6,807.2,11.0
PR,MS,4,23.1,865.9,10.0
PR,MT,8,31.4,1091.1,14.5
PR,PA,1,35.8,229.4,3.0
PR,PE,9,30.5,2455.5,12.0
PR,PI,1,39.3,2498.7,12.0
PR,PR,827,13.5,262.1,7.0
PR,RJ,234,17.1,734.8,11.0
PR,RN,4,39.8,2760.1,18.5
PR,RO,1,43.5,1886.7,7.0
PR,RS,149,17.9,543.6,8.0
PR,SC,324,16.7,331.8,9.0
PR,SE,2,21.7,1960.6,13.0
PR,SP,3667,17.7,420.5,11.0
RJ,BA,95,26.1,1213.8,11.0
RJ,CE,10,38.5,2187.9,13.5
RJ,DF,110,17.4,927.5,10.0
RJ,ES,74,30.5,412.0,10.0
RJ,GO,62,19.3,936.3,11.0
RJ,MA,42,27.7,2272.3,16.0
RJ,MG,1329,18.1,341.6,11.0
RJ,MS,9,20.4,1215.2,9.0
RJ,MT,14,37.2,1777.3,11.0
RJ,PB,10,56.8,1973.1,12.0
RJ,PE,54,21.3,1850.1,11.0
RJ,PI,1,34.8,1970.9,
RJ,PR,1147,19.0,839.7,13.0
RJ,RJ,1122,10.5,36.1,5.0
RJ,RN,2,35.0,2081.4,27.0
RJ,RO,2,53.5,2748.4,19.0
RJ,RS,267,21.6,1111.8,11.0
RJ,SC,540,19.7,746.1,12.0
RJ,SE,1,38.2,1567.7,8.0
RJ,SP,9688,17.2,383.6,12.0
RN,BA,10,18.1,858.5,12.0
RN,CE,1,97.4,435.7,13.0
RN,DF,7,22.8,1778.1,16.0
RN,ES,2,22.9,1720.3,18.5
RN,GO,1,25.4,1937.4,12.0
RN,MA,3,19.4,1068.2,22.0
RN,MG,35,29.2,1821.8,14.0
RN,MT,1,47.4,2036.4,15.0
RN,PB,1,19.3,251.0,11.0
RN,PE,4,20.4,254.0,7.0
RN,PR,20,40.3,2646.2,20.5
RN,RJ,23,34.8,2047.0,13.5
RN,RN,24,8.3,9.5,4.5
RN,RS,8,31.2,3164.2,13.0
RN,SC,14,55.7,2743.3,14.0
RN,SP,375,34.3,2285.6,18.0
RO,BA,3,44.5,2745.3,28.0
RO,CE,1,38.8,2781.9,25.0
RO,ES,1,89.8,2530.9,8.0
RO,GO,1,21.2,1809.0,18.0
RO,MG,16,27.7,2472.0,16.5
RO,MT,3,19.3,1136.1,17.0
RO,PE,3,82.5,3163.4,19.0
RO,PR,18,42.9,2000.8,17.0
RO,RJ,13,37.8,2581.4,26.0
RO,RS,11,43.1,2396.2,12.0
RO,SC,9,42.4,2305.2,16.0
RO,SP,199,34.2,2196.4,18.0
RR,BA,1,86.2,2734.6,10.0
RR,MG,4,31.3,3158.7,16.0
RR,PR,6,42.8,3379.9,21.5
RR,SC,1,84.9,3579.3,
RR,SP,40,30.0,3301.6,26.0
RS,BA,42,30.4,2311.1,13.0
RS,CE,1,42.5,3203.9,16.0
RS,DF,23,27.0,1609.0,12.0
RS,ES,21,38.0,1527.3,17.0
RS,GO,14,23.0,1478.0,14.0
RS,MA,17,36.6,3140.4,16.0
RS,MG,315,26.9,1281.7,15.0
RS,MS,1,29.3,1030.6,9.0
RS,MT,6,41.3,1873.5,11.5
RS,PE,14,54.0,2951.2,16.0
RS,PR,696,18.0,638.9,12.0
RS,RJ,227,18.9,1141.8,13.0
RS,RN,5,38.2,3164.9,28.0
RS,RO,1,43.1,2330.1,21.0
RS,RS,327,13.6,105.6,5.0
RS,SC,331,17.8,397.1,11.0
RS,SP,4194,17.7,867.7,13.0
SC,BA,16,43.9,1981.9,16.0
SC,CE,2,37.4,2730.0,20.5
SC,DF,26,25.6,1306.5,18.0
SC,ES,14,46.0,1253.8,15.0
SC,GO,11,21.6,1213.0,22.0
SC,MA,20,30.1,2825.8,14.5
SC,MG,288,20.1,923.2,15.0
SC,MS,1,18.8,860.8,13.0
SC,MT,6,25.3,1544.8,16.5
SC,PE,10,39.9,2596.8,16.0
SC,PI,1,54.4,2655.8,25.0
SC,PR,451,17.0,413.7,11.0
SC,RJ,138,19.1,772.4,12.0
SC,RN,1,48.3,2830.0,21.0
SC,RS,131,18.2,362.2,7.0
SC,SC,311,13.8,116.1,6.0
SC,SP,2749,17.7,548.4,13.0
SE,BA,10,19.7,278.9,16.0
SE,CE,3,21.1,817.2,14.0
SE,DF,3,18.0,1299.0,20.0
SE,ES,1,79.8,1182.2,
SE,MA,6,21.1,1227.4,32.0
SE,MG,41,34.2,1296.4,18.0
SE,PB,1,23.1,495.4,11.0
SE,PE,9,16.8,390.0,10.0
SE,PR,23,31.8,2067.3,20.5
SE,RJ,19,25.6,1478.2,17.0
SE,RO,1,54.0,2675.7,36.0
SE,RS,8,48.4,2551.6,16.5
SE,SC,19,29.4,2197.2,24.0
SE,SP,241,34.2,1727.1,17.0
SP,AC,1,32.8,2717.0,
SP,BA,153,25.7,1460.9,9.5
SP,CE,26,35.7,2360.7,14.0
SP,DF,336,17.3,862.6,9.0
SP,ES,119,33.1,741.2,10.0
SP,GO,141,23.0,804.4,10.0
SP,MA,131,27.8,2352.8,13.0
SP,MG,2964,16.7,463.9,9.0
SP,MS,19,19.4,903.4,8.0
SP,MT,34,34.2,1325.4,11.0
SP,PA,6,17.1,722.7,12.5
SP,PB,9,52.9,2203.8,10.0
SP,PE,106,25.4,2114.6,10.0
SP,PI,2,51.5,2047.3,13.0
SP,PR,3410,15.6,472.5,9.0
SP,RJ,1518,16.4,369.4,9.0
SP,RN,5,44.5,2305.1,15.0
SP,RO,7,52.7,2109.2,9.0
SP,RS,762,18.3,846.6,8.0
SP,SC,1506,18.0,487.0,10.0
SP,SE,2,26.4,1738.5,10.5
SP,SP,36192,11.8,94.9,6.0
TO,BA,2,45.1,1234.5,15.5
TO,DF,5,18.3,840.5,13.0
TO,ES,4,46.5,1290.3,17.0
TO,GO,5,18.2,727.0,12.0
TO,MA,2,61.9,936.8,23.0
TO,MG,17,35.7,1184.7,14.0
TO,PE,1,36.4,1344.2,15.0
TO,PR,17,34.2,1693.0,20.0
TO,RJ,16,24.2,1498.7,16.0
TO,RS,4,45.2,2186.3,13.5
TO,SC,13,35.8,1860.3,20.5
TO,SP,229,29.1,1477.8,15.0
