weight_kg,price
2.2,147.7
5.28,109.66
0.3,59.0
0.1,59.9
1.5,32.64
1.2,49.9
4.1,99.9
0.4,35.9
1.2,69.4
2.2,149.0
0.32,76.0
0.45,99.0
5.95,143.8
1.17,139.9
2.6,1649.99
0.4,239.9
0.13,148.0
0.42,190.83
0.12,23.77
0.15,16.9
4.3,109.9
1.6,129.99
0.45,49.9
1.32,39.9
0.6,19.9
2.85,93.0
1.48,75.5
2.35,79.0
9.95,129.0
1.85,59.9
0.55,42.9
0.44,145.0
0.7,122.99
0.4,54.9
2.0,99.0
22.35,279.9
3.1,98.75
6.5,169.0
10.15,144.9
1.4,109.9
0.65,55.9
0.1,10.99
2.6,299.0
1.5,129.99
3.0,689.99
0.62,149.0
16.35,2090.0
6.65,59.97
0.9,224.9
2.2,64.9
0.8,39.9
1.55,128.9
0.15,21.9
0.25,19.9
0.25,40.9
7.0,89.0
0.25,29.0
0.15,49.9
0.36,199.9
1.6,151.2
2.6,199.0
0.4,64.99
0.14,59.0
0.7,67.0
0.22,83.49
1.88,39.9
18.0,599.0
0.6,76.99
0.55,33.99
0.65,290.0
0.2,110.0
0.55,79.99
0.55,99.9
1.25,149.0
0.9,84.9
0.5,42.9
1.4,49.9
1.28,48.9
1.5,53.9
0.15,9.5
0.58,19.2
1.9,119.9
3.28,35.0
3.4,75.0
4.05,299.9
2.5,193.0
2.6,109.9
0.15,9.0
0.2,38.99
0.1,24.99
0.2,31.9
0.18,37.9
0.35,39.99
6.85,85.9
0.9,53.8
16.13,179.9
0.15,18.9
0.55,36.0
1.15,69.9
0.5,79.9
4.34,151.9
0.15,33.9
0.1,26.0
9.72,139.99
0.7,170.0
0.34,213.9
0.9,39.9
1.7,149.9
0.7,104.9
0.3,16.24
0.2,20.0
1.87,29.5
0.15,8.99
1.5,49.9
0.15,55.0
0.15,18.9
0.3,24.99
1.15,295.0
1.4,115.0
0.8,59.9
1.82,89.9
0.3,39.9
0.3,26.9
0.12,59.0
0.1,19.0
0.89,119.99
1.7,59.9
0.12,13.47
2.45,169.9
4.3,84.0
7.85,45.0
0.1,32.0
6.8,539.0
0.6,195.5
0.18,180.0
0.48,120.0
0.4,109.9
1.96,109.0
1.0,69.0
2.84,179.0
1.1,40.0
2.2,110.0
0.7,59.9
0.45,39.9
0.2,28.0
1.35,99.9
0.5,114.9
0.55,95.0
13.72,329.9
0.15,12.9
2.35,69.9
1.05,144.99
0.6,50.0
0.1,67.91
0.17,77.0
10.2,219.9
4.2,49.9
0.45,67.99
0.55,35.33
1.3,64.0
0.1,74.65
0.49,110.0
0.2,199.0
0.2,47.0
0.1,23.99
1.55,49.0
2.4,143.0
16.13,192.99
0.62,62.0
0.58,120.0
13.39,116.99
6.5,499.0
2.8,71.0
1.9,127.0
0.75,99.18
0.15,10.9
2.1,229.99
0.95,105.4
0.15,7.0
8.4,249.9
0.2,39.9
10.7,159.99
0.1,23.99
0.18,149.99
0.45,169.9
0.4,129.9
2.0,61.2
0.25,54.6
6.05,279.9
0.1,19.9
0.15,19.9
1.6,129.99
0.95,24.9
0.25,99.99
0.1,181.01
0.6,199.9
0.6,189.9
0.7,47.0
0.8,45.9
0.35,29.89
2.15,144.9
0.15,29.99
0.6,84.99
0.48,48.0
7.95,88.9
0.36,227.9
1.7,129.9
2.2,89.99
0.1,11.0
0.6,5.4
6.05,120.0
12.3,69.9
1.8,116.9
0.92,98.0
11.45,259.98
1.0,31.9
0.2,20.7
1.04,105.9
2.35,179.9
0.34,219.9
0.6,59.8
0.5,199.6
0.2,64.99
0.21,69.9
0.75,39.9
1.5,74.9
0.1,45.0
1.38,89.9
12.85,422.0
0.25,49.0
5.05,159.9
3.9,308.0
0.85,69.9
0.55,26.99
6.05,109.99
0.2,12.3
0.8,49.99
1.75,89.99
0.32,198.0
0.35,74.9
4.34,185.0
0.3,25.0
1.95,95.9
0.15,109.9
0.3,79.0
30.0,990.0
8.0,79.0
0.42,91.45
2.08,95.9
0.45,219.0
0.15,110.32
9.75,200.0
0.6,49.9
1.4,67.0
4.32,499.9
0.2,46.0
0.15,24.9
0.15,16.99
0.36,79.0
0.45,59.0
12.3,69.9
0.55,23.5
2.75,299.9
0.59,98.9
1.1,109.8
0.33,69.9
1.25,64.9
0.25,29.9
14.1,595.0
1.35,121.0
0.34,99.9
0.7,99.0
5.35,67.0
10.05,138.0
0.15,34.99
0.1,19.9
19.15,399.0
1.2,500.0
2.2,78.0
1.87,29.5
0.37,26.0
0.97,120.0
2.15,117.99
0.85,69.9
0.3,59.0
0.12,8.9
0.1,19.99
8.2,121.0
5.5,119.77
0.48,65.0
0.2,57.39
9.65,200.0
1.11,47.65
21.2,399.9
1.98,109.9
0.25,29.9
0.52,349.9
0.65,35.0
2.9,184.9
1.58,299.99
0.17,86.0
0.6,84.99
0.15,49.9
9.28,199.9
1.3,189.0
1.38,89.9
2.0,299.9
6.55,149.0
0.45,34.99
0.28,18.95
0.15,38.0
2.15,49.99
0.57,49.99
0.93,146.99
8.95,128.0
0.5,81.9
0.2,25.0
12.0,859.0
0.35,24.9
1.62,229.99
7.85,189.9
0.5,99.9
0.11,13.99
0.21,81.99
2.2,193.0
12.65,149.94
2.55,75.0
0.6,89.9
0.25,55.0
1.5,59.9
5.33,149.9
0.12,74.9
0.5,54.9
0.18,94.0
0.6,36.9
0.15,27.9
0.55,210.0
0.6,179.99
0.55,102.0
0.2,38.0
1.0,94.9
0.65,45.9
0.45,84.99
0.41,16.9
5.95,113.0
0.36,155.97
0.6,39.0
2.0,149.9
0.21,74.89
0.4,117.0
0.4,107.9
0.35,69.0
0.7,99.0
7.1,99.0
0.8,44.9
1.2,99.99
0.1,48.99
0.35,16.5
7.35,125.0
3.5,209.9
0.9,179.0
1.65,79.9
5.4,209.99
22.1,599.0
1.17,139.9
7.85,46.99
0.45,34.08
0.15,29.99
0.9,99.0
0.1,39.9
0.55,59.99
1.4,47.33
0.15,47.6
0.1,28.49
2.15,39.9
0.6,119.9
0.35,95.0
1.3,114.9
0.22,24.99
0.8,20.7
0.83,358.99
0.6,27.9
2.6,1300.0
0.85,35.0
0.15,19.9
0.35,17.0
0.25,25.9
4.34,124.9
0.1,49.9
0.2,23.9
1.7,75.0
0.15,17.99
0.3,59.0
0.15,25.0
0.3,119.9
3.8,150.0
1.7,199.0
0.2,15.0
3.0,179.0
1.1,123.9
1.75,49.9
1.65,238.0
1.15,88.0
0.3,49.9
1.02,57.99
0.15,19.99
0.1,59.9
0.85,89.0
1.5,59.9
1.85,90.0
0.52,109.9
0.1,14.99
0.55,79.0
0.52,24.9
0.25,38.0
0.7,35.0
1.82,86.9
0.08,89.9
0.65,34.99
0.4,16.9
2.7,199.9
1.05,89.0
0.12,57.9
0.6,189.72
0.15,26.1
0.6,84.99
1.38,182.0
6.02,491.99
3.0,49.0
0.45,129.0
7.0,59.9
0.25,56.9
4.32,249.0
0.45,49.9
0.2,14.9
1.03,65.0
6.0,575.5
0.8,60.0
9.0,99.0
1.0,49.9
0.25,32.9
5.9,422.0
0.6,89.0
0.45,36.75
0.4,94.99
2.6,69.9
0.4,49.0
1.9,130.0
7.0,109.9
0.3,158.4
0.15,18.0
0.2,135.0
0.7,55.0
9.15,142.99
1.2,34.9
5.35,89.0
3.4,79.99
1.28,112.33
1.5,53.9
0.2,39.0
0.9,99.8
0.25,110.0
0.6,53.0
2.8,179.9
0.2,13.65
0.46,152.0
1.1,34.99
3.3,108.99
0.18,109.9
12.5,1589.0
0.4,109.99
0.28,40.0
1.6,49.99
1.0,89.0
0.5,65.99
0.3,49.9
0.95,82.99
1.25,28.0
2.4,850.0
0.32,29.99
0.5,119.0
3.75,135.0
0.3,12.99
10.1,85.51
0.48,109.0
0.4,72.9
1.85,69.9
0.85,79.9
0.35,277.99
0.75,39.9
1.55,134.99
0.15,25.0
0.15,79.9
0.25,29.99
0.2,22.32
0.35,29.5
0.7,44.0
0.92,165.0
1.65,99.9
0.4,96.54
0.12,29.9
4.47,99.99
0.15,49.9
0.5,69.9
5.35,119.97
0.15,25.77
1.25,59.9
2.75,279.99
0.18,47.49
0.9,84.99
0.22,29.99
0.09,18.99
0.75,62.9
0.3,44.57
2.85,79.5
1.25,46.99
0.19,101.08
15.35,572.0
0.1,19.99
0.15,29.9
0.7,83.99
4.1,59.9
0.2,79.99
11.1,164.0
0.12,19.99
16.65,186.97
0.2,69.0
0.55,29.99
0.4,19.99
1.7,99.99
1.05,259.9
0.8,134.0
5.9,149.99
0.21,99.87
1.65,59.9
5.15,150.0
4.45,119.8
1.4,47.33
0.75,99.9
4.65,209.99
0.38,15.9
0.85,35.0
0.97,120.0
7.0,89.0
0.6,45.9
2.3,69.9
0.6,84.99
15.7,119.0
0.35,56.99
0.05,38.9
0.65,12.67
0.75,467.0
0.15,29.99
0.35,55.0
1.3,189.0
0.35,49.9
10.4,269.99
22.8,189.99
0.2,40.0
4.8,49.97
0.7,109.9
0.35,110.32
1.0,69.0
0.55,42.9
1.52,44.99
0.46,28.0
0.25,66.0
2.85,159.0
1.45,48.5
5.68,44.9
0.55,69.99
0.5,349.0
1.23,79.9
1.4,129.99
0.45,129.99
0.9,54.99
1.1,193.0
0.16,135.91
0.8,35.99
1.23,109.9
1.8,119.9
0.32,10.0
1.95,49.9
0.1,45.0
0.47,37.9
6.2,260.99
1.65,59.9
0.6,79.9
0.35,35.9
0.58,99.9
0.26,15.9
9.8,219.0
0.4,17.9
1.05,24.9
0.25,74.99
0.3,309.99
0.2,42.99
0.14,144.41
0.15,14.99
7.9,179.0
4.4,86.99
0.5,39.0
10.5,154.99
0.2,19.49
0.35,49.0
2.2,134.64
0.35,64.99
0.18,28.45
5.55,120.0
0.15,75.0
2.25,239.99
6.0,17.6
1.0,159.8
0.4,29.68
0.52,76.49
0.4,94.9
1.9,99.9
6.3,269.99
0.4,29.9
0.6,52.5
5.9,119.0
1.4,56.99
0.5,29.99
0.3,22.9
0.4,39.9
4.6,219.99
0.35,29.99
0.45,38.4
4.55,35.0
1.55,129.9
0.59,89.9
0.75,39.9
0.15,35.9
1.4,164.9
1.0,108.0
1.0,99.9
0.16,469.0
0.27,299.0
0.45,39.99
0.28,50.0
1.7,125.0
0.44,399.99
1.23,99.9
0.7,81.99
0.55,79.99
1.4,35.0
2.3,20.5
1.05,119.85
11.1,164.0
0.78,44.9
0.15,35.9
0.1,49.9
1.38,89.9
3.58,49.9
0.7,59.9
10.75,279.9
0.55,179.49
10.25,38.9
0.55,66.0
2.84,179.0
0.16,138.0
0.18,30.0
0.2,34.99
5.3,71.0
0.24,37.9
0.9,99.9
0.85,35.0
0.82,72.62
2.3,114.9
17.0,286.4
9.0,385.0
1.85,59.9
1.6,129.99
0.6,79.9
0.85,175.0
2.0,104.99
0.16,45.99
3.4,45.0
0.22,165.0
1.6,129.99
0.6,131.99
0.56,229.99
0.46,233.91
0.2,18.0
2.0,294.9
0.84,329.99
0.57,28.9
0.4,194.25
0.2,58.99
30.0,1914.58
0.3,29.99
1.4,59.9
1.95,54.9
0.1,189.0
0.15,29.99
6.9,79.0
0.87,689.0
4.34,134.9
1.1,889.99
1.4,82.99
4.6,45.99
1.2,133.0
0.15,24.9
0.7,66.29
1.6,99.0
0.65,134.9
0.2,19.9
0.2,29.0
0.1,25.0
1.6,91.4
0.2,24.9
1.8,99.9
5.85,159.0
0.35,56.99
0.46,110.65
16.05,92.0
7.65,120.0
0.34,199.0
0.95,59.9
0.64,299.9
2.95,149.0
0.15,39.9
1.5,35.0
0.5,10.5
0.5,99.99
0.64,816.0
0.4,7.63
1.1,69.9
1.15,99.0
1.6,12.99
0.85,193.8
0.35,96.0
1.3,80.0
1.17,139.9
0.65,45.5
3.0,379.9
0.15,89.99
5.5,88.99
1.4,85.0
0.15,79.9
4.3,150.0
11.6,269.0
0.18,19.9
3.01,70.97
0.7,69.9
0.3,10.0
1.45,221.99
6.55,119.99
0.23,68.0
0.3,27.99
5.65,189.0
1.05,72.99
1.9,70.0
9.4,109.9
6.0,15.6
0.68,99.99
0.2,13.65
11.88,79.99
1.56,123.9
0.35,27.3
0.18,47.49
0.5,219.99
0.1,24.5
1.65,45.9
0.2,99.9
7.7,78.71
0.2,49.0
5.2,99.99
0.8,48.14
1.3,54.0
0.2,59.9
1.1,34.9
1.7,149.0
0.4,199.99
0.15,89.19
0.25,79.9
1.9,119.9
1.83,97.95
0.05,13.99
0.4,159.99
1.92,89.9
1.87,29.5
3.1,419.9
4.82,76.38
5.0,174.9
0.3,42.9
0.3,27.99
1.1,269.1
1.6,49.99
0.1,19.9
0.35,56.99
0.4,56.99
0.3,31.9
1.45,69.9
1.6,119.9
0.24,43.9
0.5,320.99
1.38,89.9
0.35,64.99
1.3,69.9
0.12,25.9
0.67,29.0
9.95,129.95
1.6,169.9
0.52,149.87
0.3,45.95
0.2,9.9
0.18,45.0
0.75,89.9
1.15,269.0
0.35,499.99
1.2,36.99
1.61,35.9
0.2,44.99
0.7,24.9
0.65,30.0
0.05,22.22
0.57,309.0
2.6,69.9
2.84,129.99
0.1,23.99
1.0,389.0
0.97,114.9
8.35,134.9
0.7,39.99
0.2,34.99
0.19,49.9
0.66,69.9
0.23,35.9
14.0,850.0
1.2,129.6
0.35,27.99
0.55,129.9
2.5,50.0
10.7,169.0
5.9,68.65
0.42,86.8
0.1,27.5
10.7,500.0
0.2,42.0
0.35,49.0
2.95,299.0
1.7,279.99
6.55,159.99
6.4,169.0
3.88,179.17
0.7,122.99
1.5,59.9
0.2,14.6
0.75,99.9
0.2,18.0
6.2,154.19
0.18,19.9
0.15,13.65
1.8,113.0
0.4,49.9
19.2,253.52
0.1,119.9
0.2,135.0
0.15,59.9
1.05,54.99
1.98,89.9
1.4,139.0
0.8,32.9
0.15,25.99
0.2,29.9
0.35,39.0
0.5,89.0
0.75,38.4
0.34,199.0
0.8,42.99
0.25,49.0
0.2,45.0
0.1,39.99
1.07,54.0
1.5,49.0
1.0,45.9
1.4,35.0
0.1,49.99
17.55,129.9
7.9,169.9
0.44,164.9
0.68,20.49
0.5,41.9
0.55,117.7
0.18,12.9
2.7,19.0
1.2,142.5
7.55,269.0
0.1,25.9
0.57,32.0
10.72,149.99
0.9,35.99
0.21,119.99
0.85,35.0
1.85,148.0
3.5,141.0
7.0,58.9
5.5,60.9
0.3,99.0
0.1,86.0
0.25,22.9
0.45,394.65
7.62,229.04
8.68,116.99
0.98,23.9
0.26,32.9
5.15,64.9
0.21,61.4
0.47,39.99
2.72,125.0
0.45,10.99
2.2,46.98
1.0,79.0
8.16,449.0
0.17,44.0
0.16,10.0
0.32,42.0
1.8,304.91
0.09,44.0
0.25,29.98
1.4,139.9
0.65,53.2
1.3,125.0
0.1,18.9
0.22,34.99
0.3,38.9
0.38,32.49
1.45,104.53
0.25,29.0
2.55,129.49
2.0,59.9
7.55,118.5
7.6,189.9
0.05,81.99
1.53,119.9
6.66,175.0
0.7,48.0
0.24,45.99
0.15,49.9
1.03,65.0
2.6,75.0
0.2,34.99
1.2,97.59
8.75,29.9
0.25,29.9
2.4,78.0
0.65,53.0
0.4,72.0
0.9,48.9
0.3,36.9
0.52,49.9
3.11,128.9
0.3,227.9
3.76,328.9
1.41,149.99
7.7,99.0
0.5,69.9
2.5,69.9
0.25,29.9
1.4,148.0
0.15,49.9
0.1,59.9
4.34,146.01
6.35,187.0
0.7,57.9
0.15,18.9
2.12,86.9
0.2,160.0
0.25,55.0
0.15,34.9
0.42,30.99
0.15,89.9
1.75,139.9
0.5,89.9
9.5,599.0
2.6,219.9
0.25,23.7
1.85,59.9
0.15,20.9
1.82,89.9
1.2,99.99
0.34,56.9
0.1,57.5
13.35,99.9
1.65,49.9
1.3,179.9
0.25,42.9
1.8,49.0
10.25,120.0
0.6,53.0
0.18,55.0
0.58,115.0
1.3,74.99
0.55,98.9
22.35,259.9
16.65,186.97
0.1,46.89
0.15,17.99
0.2,24.4
0.15,89.9
0.3,36.9
0.15,27.9
1.38,89.9
0.83,229.9
0.55,35.9
0.2,22.32
0.6,48.9
0.68,1399.9
5.64,99.75
11.5,166.0
0.45,39.95
0.17,89.8
0.5,29.99
1.6,59.9
0.12,14.49
0.3,33.99
0.48,89.0
0.95,83.0
0.25,59.0
1.4,550.0
0.8,69.9
0.25,76.0
7.55,49.0
0.25,149.0
0.5,19.9
1.62,239.99
1.72,59.99
0.6,39.9
1.2,48.65
0.35,56.99
0.5,18.9
0.3,27.99
4.35,129.9
0.15,14.9
1.65,59.9
0.39,41.47
9.0,79.99
1.3,43.0
1.6,27.9
0.18,19.9
2.7,21.9
0.5,119.99
7.5,69.99
0.06,11.27
0.25,155.0
2.9,87.74
0.18,29.99
9.65,219.0
1.2,49.9
1.45,24.99
0.25,26.0
0.2,30.0
2.3,109.9
1.52,124.8
7.22,69.0
0.57,50.99
0.75,110.9
0.44,146.0
0.35,54.99
17.95,880.0
0.28,59.0
0.85,148.0
1.8,75.0
0.25,78.0
0.25,59.0
0.4,122.99
0.52,31.5
0.4,59.0
1.25,49.9
1.75,49.0
17.55,139.9
0.35,16.5
1.3,102.9
0.75,34.9
0.18,229.9
0.6,35.9
0.19,195.9
4.8,99.0
0.32,569.0
0.37,36.49
0.3,29.9
0.45,215.0
0.95,69.9
6.55,129.0
0.61,198.0
0.9,110.0
1.47,69.9
0.62,179.9
1.5,689.89
8.15,249.9
2.42,146.99
8.45,235.0
4.27,89.8
0.1,19.9
0.15,94.99
0.2,24.99
0.1,28.49
9.62,109.9
0.25,23.0
0.25,49.0
0.45,59.0
0.15,19.9
12.7,359.0
3.1,85.0
0.45,394.65
0.7,58.0
1.55,119.0
1.25,35.99
0.65,47.9
0.5,41.9
0.4,239.9
2.45,59.9
0.5,59.9
0.3,93.9
0.2,9.99
2.6,1299.9
0.15,19.9
0.85,35.0
0.35,57.8
1.55,120.0
2.7,117.99
0.2,13.65
8.2,69.9
0.17,84.0
7.3,114.9
0.25,21.96
0.2,27.9
0.15,18.99
2.3,299.99
0.85,43.98
1.3,29.75
0.7,12.9
0.32,198.9
0.85,99.0
0.16,699.9
0.22,117.79
0.4,359.0
2.45,199.9
0.82,99.9
1.7,36.8
1.3,120.0
0.3,34.99
0.7,34.9
0.3,140.99
0.2,58.99
0.3,29.99
1.25,96.0
0.1,149.65
0.25,9.9
9.7,103.97
0.49,68.0
0.5,34.9
6.45,128.8
0.05,139.9
1.8,49.9
0.22,117.79
0.52,44.9
0.25,39.99
0.55,152.99
0.2,110.32
0.18,42.93
0.3,33.9
0.5,69.99
0.85,38.4
1.05,220.0
0.53,32.0
0.3,80.0
10.0,553.99
1.2,99.99
0.5,46.99
0.5,29.99
0.25,39.0
0.18,74.9
0.36,18.89
1.0,24.9
0.15,79.9
0.5,54.9
0.14,144.41
0.65,53.0
8.55,55.6
0.5,26.0
3.6,265.9
2.25,399.99
0.75,69.0
1.75,53.9
1.65,59.9
16.7,799.0
0.82,220.91
0.5,28.69
12.3,225.0
0.2,39.9
1.18,16.37
1.85,89.0
0.8,45.9
0.15,17.0
2.45,189.9
0.2,76.49
0.82,72.62
0.4,43.0
1.85,149.9
0.6,34.99
0.25,54.99
0.05,13.99
0.6,133.0
0.11,69.0
2.2,20.5
0.2,7.49
1.5,89.9
0.65,96.0
6.7,142.9
3.0,269.9
0.62,46.9
0.2,19.9
0.84,109.9
1.38,89.9
0.2,31.9
5.0,379.0
0.16,61.9
0.35,107.0
0.45,129.77
1.55,59.9
1.25,99.9
1.05,45.14
0.3,49.9
0.25,29.84
16.13,179.9
6.05,109.99
0.32,22.6
0.27,22.0
1.05,58.0
0.6,169.0
1.25,220.0
0.25,44.0
2.1,94.9
0.34,55.0
29.7,600.0
0.95,54.45
0.4,49.0
0.2,27.3
0.8,45.9
0.85,35.0
0.45,22.0
0.75,89.9
0.15,59.99
0.52,75.0
16.75,500.0
0.2,265.0
0.3,395.65
0.15,75.0
0.8,79.9
0.55,39.0
0.2,53.99
0.26,37.0
0.3,259.9
1.25,89.9
0.45,179.9
1.95,95.9
0.71,668.0
2.08,144.98
7.22,238.9
1.3,99.9
5.9,238.0
1.9,127.0
1.2,105.0
0.35,63.8
6.55,149.0
8.95,128.0
0.36,348.8
0.8,47.9
7.0,59.9
0.7,109.9
0.2,58.99
0.2,25.49
0.05,19.99
1.0,189.99
0.7,38.0
0.2,19.9
0.4,59.99
12.2,259.9
11.32,104.0
0.7,59.9
1.18,179.99
2.47,42.1
10.38,159.9
1.5,49.9
2.2,59.9
0.3,55.0
0.18,12.88
0.35,25.79
7.81,128.9
0.34,165.0
13.58,270.0
1.0,66.0
0.2,49.9
0.68,109.0
0.25,49.99
6.25,422.0
1.08,249.99
1.85,99.99
3.1,52.0
0.95,106.9
0.8,56.5
1.84,72.0
0.1,159.99
2.13,179.9
0.8,175.9
0.2,110.32
12.9,209.0
3.4,79.99
0.55,89.9
2.6,69.9
0.3,56.0
1.45,82.99
1.28,112.33
0.6,37.95
9.75,103.99
0.15,64.9
0.95,38.4
0.6,49.9
0.45,37.9
1.5,59.0
0.3,44.0
0.18,46.4
5.35,130.0
0.3,24.99
0.73,124.9
1.6,69.0
11.45,214.0
0.52,349.9
0.56,21.9
0.1,10.99
0.15,49.9
0.35,24.99
0.12,191.88
2.6,69.9
0.4,180.0
2.4,193.0
15.7,299.9
0.2,49.0
17.25,70.0
0.25,49.0
4.35,129.9
0.15,8.5
6.04,80.0
7.15,810.0
0.48,70.89
0.5,13.99
0.2,19.77
1.65,59.9
1.95,149.97
0.2,31.9
0.1,16.9
0.2,29.0
2.15,59.9
1.65,100.0
0.88,56.99
0.85,20.9
0.55,39.0
0.7,79.27
2.0,149.0
0.28,18.95
0.5,45.9
1.0,24.9
0.25,103.46
0.55,91.49
0.6,29.9
2.9,219.99
0.4,106.0
0.7,40.0
0.1,24.9
2.49,1890.0
0.1,49.9
0.15,13.99
0.9,99.9
1.05,24.9
0.18,229.9
0.58,115.0
0.3,59.9
1.15,249.99
0.7,29.9
0.18,12.88
9.75,205.0
0.62,128.9
1.3,79.9
0.8,96.0
0.65,79.9
13.9,359.0
0.25,89.99
16.0,399.9
0.15,39.99
0.25,18.99
1.4,44.35
1.25,129.5
0.35,39.5
1.3,12.99
0.4,34.0
0.6,48.99
5.85,39.9
1.1,69.9
8.9,78.0
10.8,149.9
1.23,59.9
0.21,24.4
6.5,225.0
1.6,107.87
1.55,79.9
1.6,99.0
1.48,75.5
6.3,135.0
0.3,529.0
0.6,69.0
0.2,9.99
0.3,129.9
2.6,69.9
1.52,379.9
10.8,699.9
0.2,80.0
1.22,47.0
4.2,194.9
0.3,116.0
0.56,118.0
0.6,39.0
0.3,69.0
0.25,199.0
0.7,40.0
3.0,99.9
1.82,86.9
0.2,21.0
1.1,123.9
0.75,25.9
0.82,72.62
0.35,127.9
1.25,37.5
0.3,94.9
0.4,510.99
3.45,162.0
0.2,39.9
0.15,75.0
2.75,65.0
0.15,59.91
0.3,59.9
0.2,150.99
0.65,79.0
1.8,150.0
1.7,43.8
2.28,88.9
9.08,119.99
0.2,22.32
1.85,127.0
0.45,178.0
1.7,149.9
0.3,24.7
0.9,29.9
14.5,99.0
0.72,79.9
6.5,179.0
1.3,138.0
0.75,370.0
0.2,29.0
0.73,84.9
0.25,31.9
0.48,399.9
0.72,197.5
0.8,59.85
2.7,199.9
0.55,27.95
1.55,59.9
0.4,69.9
0.15,54.9
0.17,130.0
0.44,69.9
6.66,175.0
0.15,26.9
2.8,129.0
0.05,135.0
1.5,89.9
0.2,58.99
1.02,136.0
0.2,19.0
0.22,49.9
3.41,809.1
0.65,489.0
1.5,79.0
0.1,10.99
8.05,388.9
0.5,39.0
0.53,149.9
1.85,148.0
0.25,79.0
2.85,48.9
0.4,19.9
0.3,45.0
0.15,19.0
0.31,230.0
0.15,129.97
2.63,99.9
0.35,27.99
0.9,64.99
0.55,84.99
1.3,89.9
3.0,51.45
0.18,47.49
1.2,99.99
0.45,85.0
0.2,19.99
0.92,149.84
5.85,149.0
0.8,119.9
0.6,69.9
0.95,164.99
0.75,99.9
0.35,20.0
0.25,24.0
2.3,299.99
0.05,199.0
0.4,116.9
0.4,45.9
2.6,1549.99
1.11,48.9
7.6,569.95
5.5,379.0
0.45,102.0
1.04,41.0
0.24,109.9
0.3,80.0
0.07,9.8
5.55,154.0
0.26,190.0
0.25,35.9
0.2,149.99
5.85,480.0
0.65,16.9
1.2,42.99
0.2,20.3
0.18,47.49
6.5,169.0
0.2,160.0
0.25,12.99
2.0,113.0
1.2,48.9
0.09,39.0
0.28,93.0
0.35,107.0
3.3,115.0
1.3,99.0
0.15,110.32
0.32,29.99
1.3,73.9
2.6,75.0
1.9,127.0
0.65,59.9
0.28,193.9
1.65,49.9
1.1,40.8
0.13,43.9
3.1,107.0
0.25,89.99
1.4,80.0
0.9,209.0
0.3,523.19
5.15,359.9
1.3,159.0
1.8,66.99
0.25,79.9
0.2,84.9
0.5,75.0
5.0,169.9
0.2,9.9
1.4,59.99
0.5,9.6
0.21,29.9
5.4,101.99
1.6,97.81
0.55,229.9
1.65,49.9
1.1,79.9
1.55,110.9
0.75,32.9
0.5,98.79
1.8,159.0
0.3,89.9
0.1,19.9
0.12,12.47
0.1,19.99
0.3,9.99
0.35,89.9
0.1,60.0
0.2,40.0
1.58,70.25
1.4,74.9
0.25,219.0
0.33,11.49
0.65,212.4
1.2,49.99
0.65,219.0
0.66,789.99
0.42,74.9
0.35,39.99
1.3,42.0
0.35,750.0
0.88,399.0
0.25,25.5
0.3,80.0
1.1,104.0
0.3,99.0
0.3,22.9
7.0,129.9
13.35,69.9
0.85,35.0
0.25,16.9
0.37,259.9
0.75,81.18
0.55,79.99
0.05,69.9
0.8,59.99
0.2,69.99
2.8,99.9
0.3,12.0
10.95,79.0
13.1,388.0
0.6,75.0
0.3,29.9
1.55,59.0
6.05,89.99
0.34,40.0
0.1,79.9
0.1,40.5
0.15,38.89
2.75,1200.0
7.6,69.99
0.29,255.0
0.5,29.0
1.3,88.3
6.55,149.0
1.58,299.99
0.3,29.99
0.2,20.59
0.15,49.9
10.7,649.0
0.3,129.0
13.4,119.9
5.95,89.99
0.4,39.9
1.0,64.9
0.22,45.0
10.07,69.99
0.2,110.32
4.05,244.9
0.15,34.9
0.2,69.9
5.95,143.8
1.3,120.0
1.9,180.0
2.3,78.9
9.02,115.9
0.25,17.9
0.5,35.0
0.25,39.99
1.75,59.9
0.6,25.0
0.67,60.0
1.62,74.9
0.6,25.0
0.75,356.0
3.3,220.0
1.32,44.9
1.2,55.0
0.2,20.3
0.2,35.0
9.72,139.98
7.72,119.99
0.4,34.99
0.52,349.9
7.1,21.5
0.1,32.5
1.11,84.98
2.2,84.99
1.8,163.99
2.25,159.99
1.4,50.0
0.2,45.65
0.61,198.9
0.25,15.99
9.15,215.0
0.15,29.99
0.05,21.9
0.2,58.99
1.0,184.0
1.38,89.9
0.22,21.99
0.1,35.0
1.15,98.5
0.15,25.0
0.5,66.9
1.45,39.6
1.4,399.0
0.4,61.99
3.5,349.9
8.35,59.9
0.5,41.9
0.1,27.9
0.4,325.0
1.6,63.99
0.2,27.9
0.9,59.9
0.2,89.0
1.1,148.0
6.45,169.0
0.3,39.9
0.32,29.0
1.15,72.9
7.0,59.9
1.09,195.9
6.7,169.9
14.2,32.9
2.5,99.9
0.65,53.0
0.35,79.99
16.75,1230.0
0.25,134.99
1.5,59.9
0.85,35.0
10.05,138.0
8.4,249.9
0.8,70.0
1.36,140.9
0.25,29.99
0.6,25.0
0.05,99.25
0.34,77.98
0.33,85.9
2.2,119.9
0.8,43.9
1.8,33.02
6.9,119.0
3.5,249.0
0.45,112.49
0.15,24.5
0.07,9.8
0.55,12.0
0.2,27.3
0.26,32.97
0.2,149.0
0.1,18.99
19.7,95.0
2.6,69.9
0.75,39.9
0.15,21.99
7.65,179.0
0.2,38.0
0.55,40.0
0.2,82.0
7.6,49.9
0.2,54.99
5.75,99.0
12.16,149.94
0.2,10.0
2.6,75.0
1.18,85.9
0.2,29.3
0.2,34.49
0.3,35.0
0.18,12.88
0.15,19.9
1.3,109.9
1.15,21.99
1.1,38.5
0.15,14.9
0.45,292.9
1.05,99.9
0.35,107.0
2.6,75.9
0.6,49.9
1.4,99.0
0.8,46.99
1.5,129.99
0.92,149.84
1.2,21.9
2.75,159.0
0.8,294.9
0.15,39.9
1.0,39.0
1.03,65.0
0.6,28.9
1.95,54.9
3.22,22.99
1.3,198.0
0.17,18.99
16.17,194.99
1.15,25.0
1.87,29.5
0.85,56.99
0.1,24.99
1.45,59.99
9.7,103.99
0.1,19.99
0.15,14.9
2.8,120.0
3.68,159.9
0.3,25.0
3.75,129.0
5.42,139.0
0.2,19.99
1.85,76.99
1.2,99.99
1.0,369.9
6.4,160.55
0.65,55.9
0.78,57.0
1.4,84.9
0.8,29.99
0.32,49.9
0.31,104.9
0.6,29.9
0.52,149.87
0.2,199.0
0.1,19.5
0.1,49.9
0.8,109.78
14.72,95.9
0.4,41.9
0.36,89.5
0.58,38.25
3.1,85.0
0.25,79.99
0.53,149.9
1.95,99.99
0.38,56.99
1.45,82.0
0.34,219.9
3.15,169.99
1.55,1199.0
0.35,16.5
0.2,17.99
0.8,34.9
0.1,20.9
0.25,32.9
5.45,219.9
0.2,49.8
0.18,77.9
0.47,144.0
0.23,99.9
1.11,47.65
1.45,150.0
6.3,249.99
0.2,179.9
0.7,95.9
0.28,24.99
0.35,89.8
0.41,16.9
0.3,125.0
9.4,109.9
1.4,39.9
1.3,99.0
0.4,52.8
3.88,43.9
0.3,39.9
1.6,118.99
1.45,82.99
2.0,82.9
4.38,629.0
1.38,86.9
0.2,29.9
0.1,19.99
0.4,79.9
1.38,52.39
0.55,38.0
0.2,49.8
0.65,83.36
0.9,39.9
0.6,21.99
0.7,39.99
4.34,145.0
0.35,22.9
1.1,50.0
0.08,29.89
0.1,59.9
0.45,115.0
26.0,389.99
2.0,22.9
0.2,69.9
0.31,146.0
0.5,59.9
0.16,33.85
1.05,144.99
2.3,60.08
0.1,39.9
12.78,131.0
0.11,49.49
0.8,14.99
4.55,58.9
2.0,59.9
11.45,387.0
0.5,69.99
0.75,64.9
2.0,52.11
1.3,49.9
0.35,369.9
2.15,144.9
0.3,59.0
0.72,46.9
1.5,49.0
0.3,17.9
0.44,127.48
3.25,189.45
0.55,259.77
0.53,69.0
0.2,29.0
1.05,75.9
1.8,59.9
0.6,53.2
1.2,99.99
0.8,129.5
1.2,99.99
12.9,209.0
0.31,94.99
1.2,39.0
0.8,55.0
0.4,49.99
0.08,20.9
1.7,99.99
0.15,21.99
3.9,898.9
0.3,39.9
0.27,121.99
0.21,81.99
0.4,7.8
0.45,139.9
0.05,6.5
0.8,19.69
1.1,44.9
0.8,96.0
0.43,109.9
1.65,79.9
0.08,18.99
5.2,79.0
1.0,67.9
0.72,829.99
0.1,159.99
0.16,128.0
0.68,71.0
0.18,24.9
20.1,299.0
1.08,339.99
0.2,25.9
0.97,209.99
1.02,199.0
8.15,112.8
0.42,500.0
0.92,188.9
0.51,69.9
5.8,479.0
0.87,184.79
0.4,56.99
0.5,799.0
0.2,19.9
7.0,59.9
0.16,61.9
2.6,52.99
0.07,29.0
0.92,137.9
0.25,44.95
1.65,66.9
1.3,77.5
0.82,6.5
0.45,69.99
4.34,144.0
0.25,55.0
0.4,129.0
0.35,24.99
0.2,79.9
0.25,29.99
0.6,629.99
1.6,34.6
0.1,29.99
1.68,68.0
0.15,18.9
0.2,109.0
3.8,159.9
0.28,27.0
9.0,99.0
3.0,159.49
2.95,179.9
2.6,116.6
1.31,169.9
0.4,99.7
0.63,112.99
15.7,292.9
1.0,39.0
0.7,170.0
17.0,199.99
8.3,129.97
1.7,42.0
9.95,129.0
0.26,369.9
0.26,26.99
3.3,108.99
0.08,19.74
1.5,50.0
1.55,49.9
0.15,95.0
3.9,59.0
0.1,49.9
0.7,59.9
0.3,14.49
1.04,69.9
0.4,44.9
0.25,49.0
0.35,69.0
0.3,161.55
0.25,91.55
0.2,29.0
3.45,189.99
20.0,123.0
1.7,44.99
0.25,29.98
1.65,185.85
0.5,430.0
4.25,119.8
0.75,34.9
0.35,38.9
8.22,139.94
0.1,16.99
0.1,19.9
0.65,23.9
0.43,59.9
0.25,85.0
2.6,29.9
1.15,95.99
0.75,40.0
0.93,31.0
0.2,13.99
0.4,75.0
0.7,76.09
0.7,99.0
10.07,126.99
0.85,38.4
1.35,56.0
1.4,81.2
14.25,1389.99
0.27,36.9
1.9,65.0
7.8,99.0
8.27,139.94
18.5,84.9
1.4,109.9
0.5,129.99
2.65,105.0
0.25,59.9
9.15,137.99
0.25,79.99
0.8,47.9
1.03,35.9
0.1,26.99
0.9,99.99
0.38,92.5
0.55,34.9
1.05,119.85
5.9,29.9
0.95,74.9
1.5,139.99
0.6,34.99
7.62,269.9
1.5,49.9
0.25,61.34
0.45,64.9
0.2,27.99
0.6,172.33
1.8,74.0
14.95,55.0
0.62,188.1
0.28,17.0
0.2,34.99
0.28,18.95
7.6,700.0
0.7,29.99
1.4,149.87
0.12,19.94
1.2,22.81
1.0,87.0
1.05,54.9
1.35,121.9
0.25,15.0
1.75,49.0
1.7,50.9
15.3,385.0
0.3,23.1
0.18,76.25
0.1,41.95
0.55,49.9
12.5,80.0
0.35,149.0
0.6,175.99
6.45,179.0
0.15,56.99
0.1,5.99
0.7,122.99
0.9,99.0
0.34,199.0
0.2,9.9
0.87,175.5
0.35,66.99
0.15,68.9
0.75,39.99
0.5,64.99
1.95,95.9
9.3,135.0
0.15,49.9
0.4,285.15
0.4,24.95
0.15,19.9
13.72,329.9
0.1,59.9
2.75,87.0
0.25,21.9
0.4,129.0
1.7,40.0
1.8,49.9
0.5,44.0
0.88,110.9
0.7,21.8
0.55,49.99
0.4,119.0
0.75,370.0
0.65,53.9
7.05,69.9
0.15,110.32
0.21,81.99
0.55,38.9
0.17,69.9
1.0,40.0
0.8,78.99
1.1,41.7
2.85,119.9
8.5,104.9
0.8,31.9
1.37,85.5
1.4,38.4
2.0,99.9
1.25,105.0
0.25,29.99
1.5,108.82
0.46,28.0
7.05,310.0
0.15,15.0
1.47,227.99
0.7,170.0
0.6,29.0
0.55,59.0
2.55,75.0
0.4,134.0
0.4,194.5
1.8,74.9
0.15,87.9
9.4,159.9
0.35,56.99
1.0,53.9
0.25,29.0
0.6,48.9
0.6,36.9
0.2,18.9
1.82,99.9
1.6,55.9
1.9,199.0
0.55,30.0
9.75,103.99
0.2,14.49
0.5,149.99
0.6,34.99
0.42,190.83
1.94,39.9
0.2,19.9
0.6,44.9
0.53,149.9
1.7,54.9
8.5,109.0
1.87,35.0
0.55,25.0
0.28,99.0
0.28,36.9
1.07,149.91
1.03,134.0
0.25,58.9
0.55,24.88
0.18,12.25
0.3,332.0
1.55,59.0
4.68,1399.0
0.25,23.7
0.8,38.99
2.9,159.9
0.49,19.9
0.56,119.4
0.7,54.75
3.22,22.99
2.55,75.0
1.3,179.9
0.35,73.5
1.15,99.9
0.3,27.99
1.95,199.0
0.15,39.99
0.35,52.64
0.45,34.9
1.38,89.9
0.25,99.9
7.15,69.99
0.55,49.0
1.88,17.0
0.7,287.7
10.15,299.99
0.6,51.0
0.35,74.9
0.3,29.9
1.6,258.99
0.15,18.0
0.62,188.1
1.05,99.9
7.2,133.2
5.15,22.5
2.9,629.9
0.83,24.99
7.15,50.0
0.6,309.0
0.15,37.99
0.95,69.9
0.55,65.0
1.75,49.9
0.15,49.9
3.0,188.9
0.25,15.55
0.25,24.99
0.2,175.0
1.95,279.99
3.55,262.0
1.8,99.9
0.35,249.99
1.35,169.0
5.65,149.9
0.3,35.9
1.55,89.0
2.6,159.0
0.55,29.99
0.5,98.49
1.3,74.99
0.3,86.25
0.85,229.9
3.25,67.9
1.6,130.0
1.2,109.9
0.4,163.99
0.45,99.0
0.85,49.9
14.65,169.9
0.3,149.0
1.8,49.9
0.38,45.9
1.87,65.0
0.95,50.0
3.5,99.9
18.05,720.0
0.3,16.9
0.15,68.9
1.0,119.0
1.35,99.9
1.4,48.0
1.1,215.56
0.17,18.99
1.5,114.9
11.35,1240.0
3.6,259.9
12.85,422.0
1.48,98.9
1.1,28.99
0.7,59.9
20.9,169.99
0.59,89.9
0.45,39.9
0.57,419.0
1.15,379.9
0.52,149.0
2.02,199.9
0.9,99.99
4.34,179.9
0.35,79.99
0.5,34.9
8.5,89.9
7.46,78.98
2.9,205.0
0.2,89.0
12.25,119.9
0.2,26.0
0.2,49.99
28.3,1688.0
1.4,135.9
0.15,120.0
1.4,77.99
1.1,64.8
1.0,108.0
0.2,21.6
1.2,149.9
0.12,54.9
2.4,129.99
0.15,27.9
0.1,24.9
0.65,22.25
3.6,130.0
8.55,47.99
1.0,105.0
0.3,20.0
1.25,189.99
0.5,23.0
0.34,219.9
0.2,27.99
0.55,19.9
7.55,129.0
0.1,34.99
1.3,109.0
1.4,56.99
1.8,62.0
0.5,38.97
0.5,339.0
0.4,49.9
0.8,59.99
9.8,124.9
4.15,299.99
0.48,219.0
0.35,145.0
0.15,13.99
0.9,48.9
0.2,88.9
10.75,288.75
2.5,79.99
0.1,24.99
1.5,989.1
0.2,39.9
0.4,69.0
0.5,28.0
0.3,199.99
0.27,175.99
7.0,129.8
0.7,43.0
0.4,18.95
0.3,16.99
0.4,122.99
0.42,275.0
2.7,86.0
0.1,39.49
0.3,3.98
0.55,69.9
0.35,59.99
0.45,385.0
9.95,219.9
0.43,119.9
0.38,95.0
3.35,42.9
0.3,9.9
1.6,89.9
5.95,143.8
0.1,54.9
0.3,79.99
0.15,24.5
1.05,29.9
9.05,110.0
0.35,129.9
0.15,24.99
1.6,129.99
1.35,135.9
1.2,46.99
0.2,14.99
0.95,60.0
1.15,186.0
1.1,48.0
0.6,59.9
0.2,49.0
0.3,39.9
0.25,5.9
0.55,35.0
1.83,849.0
0.5,41.9
0.8,75.0
22.35,259.9
0.8,165.0
0.8,45.0
1.45,115.9
0.2,31.9
0.25,55.0
0.55,37.9
21.35,525.99
0.5,799.0
0.15,35.98
1.98,109.9
0.3,49.9
0.1,15.0
8.55,259.0
0.45,55.0
1.2,97.99
0.3,22.9
0.2,39.0
0.56,119.9
5.7,215.0
0.25,89.99
0.25,88.0
0.4,74.75
0.3,24.99
0.25,29.9
0.7,139.99
0.15,24.99
0.2,49.9
0.3,19.99
1.4,97.5
0.8,34.9
0.5,13.99
0.1,19.9
0.9,52.58
3.32,42.9
0.4,62.99
0.75,81.56
1.81,209.0
0.3,59.0
0.7,53.0
0.15,70.0
0.36,29.9
0.2,29.9
7.55,629.0
0.5,128.0
0.2,41.99
0.16,12.0
0.1,31.99
2.8,105.0
0.7,69.0
1.3,139.0
4.47,99.99
0.05,39.99
1.35,44.35
17.55,915.0
1.25,42.69
3.6,195.99
0.25,16.99
0.5,41.52
1.87,29.5
1.38,89.9
1.45,26.9
0.15,26.99
0.4,107.7
0.48,373.4
0.22,49.95
0.34,145.0
0.6,60.0
0.17,19.9
6.05,89.0
0.3,6.35
0.08,19.74
2.6,124.9
0.5,35.9
0.5,599.99
11.4,239.9
8.35,134.9
0.68,74.99
5.95,89.99
0.95,89.0
1.75,49.9
0.8,46.99
5.3,99.0
0.42,339.0
0.57,99.8
2.4,165.0
0.37,229.9
0.6,89.9
3.55,86.6
0.5,76.0
1.17,139.9
1.1,79.9
0.2,13.7
1.0,39.9
0.44,26.89
0.7,15.99
0.1,39.99
0.25,24.99
0.7,53.0
5.3,134.0
1.45,79.99
0.25,55.0
2.65,1200.0
1.5,69.0
0.6,100.0
0.16,28.99
3.4,74.99
3.3,109.9
1.9,220.0
0.5,22.9
1.1,64.98
5.7,49.0
0.22,29.99
0.25,336.0
0.2,49.9
0.18,12.25
0.37,59.99
0.25,189.0
0.48,35.73
0.5,29.99
0.68,90.0
0.15,10.5
1.55,99.99
0.43,98.9
0.8,30.9
0.13,18.9
0.55,117.8
3.3,205.0
2.0,181.0
0.45,59.99
0.35,19.9
3.52,37.88
4.9,229.9
0.18,37.9
0.05,69.9
1.38,93.24
1.55,119.9
0.8,41.1
0.15,49.0
0.35,54.9
0.2,13.2
0.2,18.9
14.9,419.0
3.3,118.9
1.1,71.6
3.5,111.57
0.52,59.99
1.6,135.0
0.65,69.0
0.15,7.0
2.84,179.0
0.18,54.99
0.41,239.8
1.85,119.0
4.55,125.9
0.1,19.9
0.9,69.0
1.82,89.9
4.11,117.3
2.05,103.99
0.35,39.9
0.75,34.9
1.55,99.99
1.7,110.99
0.3,16.9
0.35,66.99
0.85,99.9
0.22,19.5
0.6,140.9
0.35,42.0
1.0,15.9
5.0,174.9
0.95,89.0
0.5,1499.65
8.15,295.0
0.65,42.9
0.5,184.9
1.55,134.99
0.12,69.33
1.6,89.99
0.2,14.9
1.25,129.9
4.65,47.9
0.42,499.99
0.51,168.8
0.6,205.0
4.45,89.9
4.65,209.99
0.15,39.99
6.32,56.7
0.25,64.9
1.4,109.9
0.8,34.47
0.43,119.9
0.21,69.9
0.3,254.9
10.25,290.0
0.22,34.99
0.25,149.0
0.68,16.9
5.85,149.0
1.92,39.99
0.6,44.9
0.41,16.9
0.85,69.99
1.65,59.9
1.5,150.0
0.1,27.99
3.7,47.0
1.8,122.9
0.7,18.99
0.35,39.99
0.6,799.99
2.13,551.0
7.62,229.04
0.15,43.0
1.0,105.0
0.3,22.9
1.05,169.89
5.65,130.0
1.65,72.9
0.25,40.16
0.12,11.89
3.25,126.99
0.55,12.0
0.8,34.9
6.0,1099.0
0.55,29.5
1.82,91.0
1.37,620.1
0.4,51.4
0.3,22.9
10.07,1150.0
0.2,16.0
1.8,104.9
0.45,31.9
0.1,10.99
0.5,349.0
10.8,385.0
0.1,45.0
0.8,14.9
0.65,94.9
10.8,159.9
0.25,55.0
1.05,177.0
0.1,25.9
0.35,62.0
0.15,59.9
0.1,118.9
5.55,100.79
0.6,51.0
0.15,99.9
1.57,119.33
1.1,215.56
0.8,119.99
8.55,198.0
0.8,47.9
0.18,38.9
0.5,27.0
3.7,34.9
10.07,79.99
1.8,135.0
0.2,59.9
3.0,189.9
0.1,38.9
5.7,59.9
0.7,16.46
0.25,14.99
0.2,180.0
0.1,23.6
0.7,169.9
11.85,229.5
0.25,100.0
0.8,39.9
0.15,72.0
0.15,27.9
17.0,119.9
0.2,13.65
0.35,23.9
0.12,79.0
1.52,119.9
0.45,355.9
6.75,169.0
5.2,89.9
0.2,46.0
4.55,167.5
1.65,53.9
9.75,179.96
0.75,35.0
0.1,19.99
0.25,44.99
6.4,169.0
0.43,119.9
0.35,45.95
0.05,8.89
1.0,109.0
0.55,39.0
2.95,45.36
3.6,109.9
1.58,299.99
0.8,45.9
0.58,99.9
0.2,27.3
1.55,49.0
1.0,59.0
0.55,40.0
0.1,17.5
0.2,13.65
0.4,44.9
8.0,199.0
1.4,63.72
1.5,119.99
2.25,119.0
11.45,250.0
1.5,87.85
1.25,125.0
9.2,79.99
1.1,190.0
0.4,129.0
0.45,45.0
11.7,159.94
0.4,129.9
0.55,13.61
4.0,150.0
0.2,30.0
0.12,10.6
3.0,49.0
1.05,99.0
2.05,106.0
0.4,32.9
1.35,109.9
0.25,91.55
0.3,49.0
15.75,2433.6
0.95,59.9
0.6,41.0
3.0,32.99
2.37,139.99
0.2,14.6
0.25,18.99
0.25,104.9
1.6,129.99
0.18,11.55
0.15,100.0
1.1,69.9
0.9,24.99
0.75,89.18
0.45,55.0
6.95,155.0
0.36,20.99
0.7,122.99
13.7,650.0
12.1,790.0
0.4,31.0
0.4,12.7
0.9,99.9
0.82,35.99
0.4,24.99
16.25,79.9
1.5,30.09
0.1,169.97
0.9,89.1
0.2,130.0
0.15,21.9
0.2,9.99
0.5,34.99
0.35,29.99
1.7,129.0
0.3,35.9
0.55,29.99
0.57,32.0
8.35,99.0
0.4,129.0
7.15,45.0
1.0,93.56
2.1,126.99
0.4,98.9
0.3,187.0
0.25,49.0
0.9,69.9
0.45,39.99
11.8,434.0
0.4,107.9
6.65,59.97
0.08,29.0
0.05,139.65
1.0,40.0
11.4,328.9
10.7,169.0
0.42,59.9
0.38,97.8
0.17,89.8
4.8,49.97
0.34,199.0
0.5,27.0
0.25,19.9
7.0,58.9
1.3,179.9
9.48,230.0
0.7,59.9
3.1,47.2
7.7,499.99
0.8,49.92
2.75,159.0
9.72,139.98
0.2,16.9
2.6,169.0
1.32,129.0
1.65,209.0
0.4,61.99
1.4,26.18
10.58,206.0
0.15,49.9
2.45,179.9
0.85,74.9
0.35,16.5
1.05,144.99
0.48,343.4
0.9,349.9
1.15,69.9
0.55,39.0
0.98,131.99
0.1,25.0
0.25,56.99
1.1,71.99
7.3,59.99
13.9,350.0
1.0,243.0
0.49,39.0
0.42,149.99
0.35,32.9
6.15,215.0
0.6,59.9
1.15,48.9
7.1,56.9
0.46,64.99
6.55,179.99
0.2,53.99
1.2,109.9
0.57,112.0
0.6,110.0
0.25,15.99
0.53,177.99
1.75,99.99
0.42,162.5
5.95,143.8
2.9,158.0
0.1,35.0
4.5,138.0
0.18,28.99
1.0,105.0
0.31,98.0
0.17,82.8
6.1,682.98
0.25,69.0
0.45,109.9
0.2,39.0
0.5,1499.99
5.0,169.9
0.35,27.99
5.95,99.0
3.01,78.8
0.1,62.9
0.22,44.99
1.0,89.9
1.35,182.0
0.3,149.0
1.2,35.9
0.17,19.9
0.6,45.9
0.2,129.0
4.95,169.9
0.85,109.9
0.65,298.0
1.2,149.9
0.28,110.9
0.9,69.99
0.5,74.9
0.35,69.0
0.15,17.99
0.4,37.9
6.7,159.0
12.78,79.98
0.15,68.9
4.78,67.9
14.1,1049.0
1.1,14.22
1.0,39.0
0.1,25.99
6.05,89.99
0.42,339.0
2.9,29.99
15.2,99.0
0.15,15.99
0.6,320.0
0.15,29.99
2.2,108.9
4.28,214.0
1.0,45.9
0.65,36.9
0.3,149.0
0.05,13.99
0.1,54.9
0.2,59.99
0.85,119.0
0.6,12.0
0.3,119.9
1.4,84.9
2.3,197.43
0.15,24.5
0.9,179.0
0.15,49.9
0.2,35.0
0.05,19.9
5.85,349.97
0.4,19.9
4.5,79.9
0.9,109.78
0.8,45.9
5.85,79.0
0.25,78.0
0.98,44.88
9.15,45.9
4.27,89.8
1.85,70.0
0.42,69.99
3.15,124.9
0.6,49.9
2.52,194.0
2.45,199.9
0.18,17.99
0.15,19.9
1.9,60.54
0.35,55.0
0.98,35.0
0.4,89.0
0.2,18.9
0.25,49.0
3.65,120.0
0.35,84.99
2.0,99.9
0.95,59.99
0.4,28.9
1.29,140.0
0.7,120.0
1.2,36.99
0.3,259.9
0.15,20.9
1.3,76.9
0.2,39.0
1.1,83.9
1.35,180.9
1.8,85.0
1.15,79.9
9.15,228.0
0.95,69.9
0.35,64.99
2.2,79.9
11.87,399.9
3.12,89.9
0.75,56.97
0.4,49.99
16.13,192.99
0.8,59.99
0.2,29.9
6.04,199.9
10.58,206.0
0.5,1349.0
2.6,126.8
0.9,364.0
0.16,159.9
1.7,149.9
0.5,114.62
1.04,69.9
16.12,146.99
0.2,49.9
0.98,144.99
0.15,34.9
0.15,34.9
0.18,18.9
0.75,34.9
0.2,79.0
0.2,49.0
0.85,38.4
0.3,64.9
0.36,24.9
0.65,104.9
0.75,79.99
0.35,200.0
1.4,48.0
1.3,269.0
0.15,29.99
4.6,173.25
0.5,59.0
6.55,119.0
0.15,56.54
0.95,56.1
0.7,746.0
1.05,34.9
0.32,19.99
4.11,117.3
1.05,144.99
1.2,79.9
0.3,34.9
0.18,74.9
12.7,99.98
2.7,76.0
12.6,108.0
0.3,284.8
0.12,18.99
16.13,179.9
1.3,207.06
5.7,115.0
7.2,98.0
1.2,65.99
0.15,19.9
2.55,75.0
2.9,154.69
0.28,204.9
14.05,169.9
0.65,35.0
0.25,29.9
1.05,99.9
0.2,40.0
1.18,89.0
0.1,12.99
0.52,21.99
0.4,339.0
1.65,49.0
1.04,89.9
1.65,49.0
0.15,29.99
1.2,99.99
1.11,47.65
0.38,115.0
0.55,107.99
0.58,99.99
0.15,12.97
0.75,99.9
0.95,69.9
0.3,39.9
0.18,94.55
2.8,149.0
0.28,29.9
1.5,59.0
25.0,299.0
12.12,289.0
0.15,55.0
0.5,96.9
1.3,114.9
0.4,79.9
0.5,39.9
0.8,45.9
11.95,85.0
1.2,79.99
0.15,19.9
0.25,23.99
1.2,110.0
1.35,150.0
0.4,98.9
0.2,49.99
0.44,227.0
0.41,16.9
0.76,649.0
0.85,99.0
0.6,34.99
0.6,37.84
2.0,84.52
0.18,439.0
11.88,169.99
1.65,119.9
0.2,19.0
0.05,59.99
0.22,24.99
1.6,129.9
0.2,34.99
0.35,66.99
2.6,119.9
0.25,79.95
10.6,69.9
0.21,81.5
0.8,47.9
0.55,99.49
0.7,54.9
0.33,11.0
0.25,49.0
0.85,35.0
0.65,22.0
0.07,12.0
0.1,35.0
0.25,49.99
0.85,29.89
0.25,198.9
0.3,37.9
0.15,29.99
0.25,79.0
2.05,208.9
0.33,82.49
0.25,44.0
12.0,419.9
0.7,47.9
0.95,84.9
2.9,219.99
0.15,20.4
5.85,159.0
6.2,149.9
0.45,49.0
0.33,81.0
0.35,279.9
0.44,138.0
0.15,54.9
0.15,34.99
0.4,48.99
0.1,24.87
1.2,40.0
1.95,75.0
2.42,176.99
4.2,119.9
0.98,119.89
0.37,41.73
0.2,29.0
9.22,45.0
1.25,125.0
0.15,15.0
0.21,67.9
0.1,158.9
3.4,118.9
1.3,174.8
0.2,171.0
1.05,56.99
2.2,89.5
0.3,67.9
1.75,109.9
1.86,119.9
30.0,419.0
1.05,66.55
3.6,159.0
0.29,178.99
0.79,169.9
0.2,63.0
0.7,39.0
1.2,48.9
0.3,66.38
0.4,65.0
0.3,36.9
0.61,35.0
0.15,40.0
18.05,248.99
1.1,64.9
0.3,24.99
0.3,252.0
0.15,54.9
12.85,199.99
0.08,24.0
4.1,89.9
27.15,449.9
0.4,74.99
1.55,149.9
0.34,44.99
0.15,39.9
0.2,64.99
1.95,40.5
1.75,69.9
4.32,269.9
0.2,18.9
1.05,144.99
0.22,90.0
0.65,40.99
8.35,119.9
1.2,262.0
1.8,229.0
4.9,259.99
1.4,42.99
12.6,379.9
0.7,170.0
1.11,49.83
0.15,20.0
0.97,85.0
0.2,110.44
0.6,349.9
0.25,49.0
0.4,69.0
6.2,255.0
0.7,43.99
0.28,169.9
0.6,41.99
0.25,17.9
0.23,34.96
1.15,14.5
1.7,108.9
0.33,99.9
0.16,119.48
0.32,50.0
2.3,155.99
2.25,34.9
0.6,59.9
1.11,53.99
0.25,49.99
0.18,15.75
1.1,215.56
1.1,64.9
0.8,159.99
2.42,166.99
0.1,32.9
2.1,135.9
0.43,52.11
0.15,14.9
2.1,126.99
0.46,69.9
10.7,149.99
5.95,89.99
0.7,122.99
1.4,179.99
1.25,64.99
3.0,51.45
8.75,29.9
1.65,49.9
0.25,99.0
1.25,79.99
0.9,54.9
0.25,28.9
0.6,82.9
0.8,33.9
0.6,175.99
3.45,29.9
1.0,39.9
1.35,110.0
0.2,42.99
1.07,215.45
3.1,196.9
0.82,28.99
6.25,199.0
2.75,99.9
0.18,49.9
0.72,44.99
1.25,99.0
13.65,451.0
1.55,498.9
0.25,34.6
2.1,209.99
1.25,97.9
2.5,99.9
1.75,139.2
0.19,51.5
0.44,118.0
0.55,56.0
0.9,326.8
0.25,117.0
8.75,139.99
0.25,19.9
1.0,35.9
7.15,149.9
1.4,109.9
0.25,17.9
0.9,349.9
0.2,20.3
0.15,22.99
0.25,49.99
0.41,39.7
1.2,103.95
1.8,79.9
0.53,43.9
1.45,104.53
3.55,60.9
16.65,192.97
7.51,119.94
0.58,115.0
20.32,399.99
0.15,23.9
1.0,1399.5
0.4,117.9
11.2,169.9
0.6,419.9
0.4,59.9
0.55,65.9
0.8,319.9
0.05,27.9
0.2,110.32
8.05,295.0
11.83,199.9
0.17,87.8
0.6,45.9
1.58,299.99
0.4,56.99
0.9,29.99
0.59,187.0
12.25,199.9
1.55,49.9
0.35,30.9
0.45,179.0
0.45,57.9
0.62,54.9
1.4,83.9
0.44,148.0
0.5,94.9
0.12,21.99
0.31,103.9
3.25,126.99
0.15,69.5
0.35,56.99
4.9,75.0
7.22,226.95
1.0,59.9
0.49,39.0
0.2,13.65
0.6,25.9
0.2,49.9
0.9,96.99
0.65,53.2
4.5,89.99
0.68,65.9
1.8,129.9
0.8,39.99
0.15,49.9
0.55,38.0
13.8,309.99
12.32,89.98
1.0,77.0
0.5,42.9
0.59,188.0
10.22,139.9
2.6,69.9
0.95,139.0
0.2,19.9
1.95,75.0
0.35,55.08
1.25,1058.0
0.32,394.99
1.05,72.99
2.2,110.0
4.87,138.0
0.35,52.9
0.52,619.0
1.5,32.9
1.04,84.9
1.8,49.9
0.8,44.9
4.3,299.9
0.2,24.9
5.3,326.16
0.2,17.99
0.7,109.0
1.18,134.9
0.13,32.99
1.15,47.99
0.9,349.9
0.75,48.9
0.8,47.9
4.35,78.0
4.92,360.8
0.3,64.9
0.3,90.0
0.53,119.9
0.4,14.95
4.47,99.99
0.5,169.9
0.2,13.3
2.6,125.62
0.3,78.45
0.44,52.65
0.9,34.9
0.2,46.0
0.3,38.9
5.15,929.0
6.32,428.0
0.3,135.0
0.65,45.9
1.25,955.0
1.8,93.99
10.95,79.0
1.9,109.9
0.15,59.99
9.35,195.0
0.2,69.9
0.56,167.92
0.4,49.99
0.05,29.9
10.7,139.0
7.05,45.9
0.5,239.0
1.15,119.9
0.75,69.0
0.7,42.0
0.6,469.0
0.3,67.0
0.4,38.0
1.3,478.7
0.48,172.0
1.2,89.21
0.3,318.98
6.66,190.9
0.75,37.5
0.28,45.9
0.3,27.99
0.68,99.99
0.25,78.0
1.13,68.9
0.1,24.97
0.5,689.99
2.45,124.9
1.4,85.0
2.85,38.4
0.15,29.99
0.3,24.99
1.35,99.9
1.62,49.9
1.1,76.0
1.18,175.99
0.25,79.99
0.25,24.99
0.7,37.9
15.7,259.9
0.2,47.9
2.65,105.0
3.2,115.0
0.35,24.99
0.15,27.9
0.35,127.9
1.5,35.0
0.7,24.75
0.45,174.0
12.28,179.96
0.6,32.28
0.25,49.0
0.05,69.9
0.8,129.9
0.35,29.99
0.22,95.0
0.7,122.99
2.9,169.9
1.6,130.0
0.9,89.9
0.95,59.99
0.15,29.99
0.75,50.0
1.35,149.9
0.6,29.9
0.65,45.9
1.2,148.0
0.45,49.9
1.38,89.9
0.34,118.9
0.25,58.5
0.13,18.9
0.2,119.9
0.28,11.99
0.9,187.68
1.5,53.9
0.4,117.9
0.39,41.99
0.18,47.49
0.5,59.9
0.8,54.4
0.1,10.9
0.25,158.0
0.4,78.0
4.82,99.99
2.6,69.9
1.18,85.9
1.2,99.9
0.55,139.77
2.35,118.74
0.3,64.9
1.04,68.9
0.2,5.9
3.9,209.9
0.05,50.0
0.3,18.9
1.0,44.99
0.3,109.9
0.7,135.0
8.88,99.9
1.65,59.9
0.15,37.99
1.55,49.9
0.2,329.99
0.65,12.67
6.6,52.0
1.5,49.0
30.0,680.0
1.1,199.9
0.15,18.99
3.05,269.9
0.85,239.0
1.05,99.9
1.81,79.99
7.0,58.9
1.3,189.0
0.2,39.0
0.3,395.65
0.5,198.0
1.85,79.0
1.27,58.9
2.35,144.5
0.65,212.4
0.35,149.0
1.85,249.0
3.5,189.0
0.25,49.9
0.55,44.99
6.05,89.0
1.5,129.99
9.4,120.0
0.4,25.0
7.98,59.9
0.5,65.9
6.95,99.0
1.0,52.5
0.46,119.9
2.5,157.0
1.6,144.9
1.8,132.76
0.1,24.5
1.4,21.1
3.85,99.9
0.3,15.0
1.35,99.9
0.35,24.9
0.5,159.9
1.15,136.0
0.34,145.0
0.25,55.0
9.95,139.0
4.85,69.9
0.38,349.9
0.6,55.9
0.13,24.99
1.65,59.9
0.45,12.9
1.05,69.99
0.4,12.7
4.3,85.71
0.53,149.9
0.1,23.99
2.7,21.9
1.6,88.99
5.0,179.9
0.8,45.9
0.15,84.99
0.6,23.9
0.26,2649.0
1.25,49.9
9.0,75.0
0.95,32.99
0.3,29.99
1.36,17.49
0.15,39.99
0.1,19.9
22.35,689.9
0.21,22.4
0.25,49.0
0.7,45.9
0.35,39.99
0.2,79.9
0.55,75.0
0.45,24.9
0.7,97.5
0.25,89.99
0.2,30.5
11.88,176.99
0.4,325.0
0.4,56.99
0.4,146.73
0.45,169.0
3.8,329.9
1.45,62.9
0.25,27.99
6.55,149.0
0.8,39.99
7.0,59.9
0.25,78.0
0.58,99.9
0.25,24.99
0.95,87.99
0.53,149.9
0.3,120.0
9.75,103.97
1.65,169.9
0.22,165.0
0.85,175.0
0.4,98.99
2.2,139.0
0.9,44.9
0.85,159.99
0.25,24.99
1.55,59.9
0.28,42.9
0.8,47.9
0.55,29.99
0.32,69.99
0.2,42.99
0.1,51.9
1.03,65.0
2.4,369.9
0.25,29.0
16.55,120.0
0.15,13.65
3.3,205.0
0.1,23.99
0.2,151.0
1.3,349.9
15.3,385.0
7.9,99.96
1.35,99.99
0.38,1099.0
0.5,159.9
1.55,251.9
2.05,59.9
9.2,53.0
0.2,29.0
0.7,38.99
0.12,44.99
0.2,119.0
0.48,14.95
0.51,339.9
0.75,33.0
0.5,50.9
1.05,78.9
0.5,49.9
7.0,58.9
0.35,69.99
10.8,149.9
1.2,149.9
1.55,49.0
0.2,35.0
0.98,37.9
8.15,249.9
0.5,57.9
12.0,230.0
0.19,115.99
13.05,230.0
5.1,169.97
0.3,39.9
0.1,23.99
0.85,69.9
0.5,179.99
0.12,29.9
1.81,79.99
2.15,159.9
6.9,139.0
3.7,34.9
2.95,129.9
1.1,89.9
3.1,13.5
0.15,140.0
0.25,220.0
1.16,83.99
0.2,20.7
0.4,32.9
0.2,16.0
2.28,98.9
0.6,96.99
12.25,230.0
4.34,189.99
0.4,35.97
7.51,114.94
0.4,27.0
0.25,139.9
1.58,30.21
4.85,286.0
2.7,429.0
0.69,33.99
0.35,15.0
0.37,30.0
0.65,19.5
0.75,79.9
1.0,59.81
3.45,132.8
0.3,29.9
1.34,69.9
0.2,13.65
0.3,12.0
0.42,43.51
4.55,119.9
0.37,149.9
1.25,97.9
0.65,12.67
0.35,95.0
0.55,125.0
0.2,204.0
1.1,49.9
5.15,99.99
0.65,72.9
0.15,12.49
2.4,60.0
0.15,49.9
2.38,37.9
14.5,99.0
0.85,38.4
3.6,126.69
0.8,115.9
1.81,77.99
3.88,126.99
1.19,349.99
7.3,62.99
1.61,35.9
0.35,109.0
7.22,79.0
0.1,55.9
0.55,29.9
0.2,58.99
0.2,9.9
0.57,55.9
0.4,49.9
0.4,15.9
0.2,17.9
0.7,138.8
0.31,102.9
0.95,69.9
2.55,99.9
0.25,19.99
0.2,349.99
0.26,24.5
1.45,59.9
0.2,29.9
1.0,45.89
0.3,108.9
1.72,64.89
0.35,15.9
1.15,44.9
0.72,179.9
15.4,99.0
0.15,57.5
1.5,119.99
0.95,189.59
0.3,34.99
9.2,78.99
0.65,119.0
0.2,24.0
1.2,93.9
0.1,19.99
0.75,26.9
0.3,280.0
0.25,13.99
0.35,95.0
0.3,54.0
0.25,304.99
0.7,439.0
0.15,24.9
12.8,49.0
10.25,120.0
5.9,42.0
3.45,29.9
0.15,110.32
0.2,119.9
0.29,237.0
0.55,41.5
1.7,149.9
0.5,178.0
5.3,799.95
0.05,27.49
1.5,49.0
0.15,29.99
0.51,98.0
0.25,19.9
0.45,59.0
0.15,43.0
1.35,119.9
0.28,25.0
0.5,39.0
0.5,36.8
0.7,24.9
3.65,199.9
0.72,64.8
3.3,159.9
4.3,15.99
0.44,138.0
0.3,64.9
9.3,79.99
0.9,54.9
23.7,999.9
0.2,45.0
0.1,18.99
2.3,35.0
10.7,380.0
0.3,27.99
6.55,149.99
0.35,149.0
0.2,29.9
1.8,163.99
0.29,46.56
1.55,134.99
0.05,39.99
0.15,24.5
0.05,189.0
0.45,59.99
2.0,139.0
0.1,9.9
0.44,123.0
0.2,19.9
0.3,67.0
0.1,19.9
1.5,89.0
3.48,99.99
0.95,59.99
0.6,48.9
0.35,149.99
1.4,127.0
1.55,53.9
0.7,53.0
0.25,55.0
0.6,159.99
1.85,115.9
0.4,21.36
0.3,24.99
0.5,47.9
0.28,29.9
0.4,92.89
1.55,99.0
0.15,21.9
0.65,42.9
2.7,193.99
3.6,59.9
8.45,119.9
0.4,148.0
0.35,135.0
2.55,100.0
0.42,92.5
0.12,9.9
0.2,13.3
1.8,49.9
0.2,54.9
0.25,233.0
0.18,12.9
0.5,142.99
0.87,220.99
0.05,34.9
0.15,13.65
0.55,109.9
9.12,159.99
2.6,75.0
0.6,179.49
0.4,325.0
1.4,89.9
12.3,69.9
1.27,186.99
0.8,109.9
0.95,32.9
0.4,61.99
0.7,110.99
16.55,120.0
0.15,29.9
1.95,54.9
0.8,276.89
1.52,639.9
1.2,59.78
4.34,165.0
0.53,590.0
0.3,94.0
1.25,28.0
0.52,59.0
0.2,19.49
0.05,29.99
0.68,440.0
2.0,39.9
6.6,179.0
1.5,89.9
0.4,1129.0
0.2,27.99
1.1,179.9
0.8,22.9
0.25,24.99
0.5,46.9
0.6,54.9
2.95,149.0
2.7,212.99
1.75,59.9
1.87,89.9
0.9,349.9
3.1,259.99
6.66,189.0
0.2,119.9
1.2,99.99
1.05,69.99
0.1,16.9
0.65,67.0
0.3,29.99
0.25,55.0
0.2,150.0
0.35,29.99
2.4,94.0
0.35,21.9
0.7,28.99
1.6,130.0
9.75,158.0
7.51,114.94
4.66,320.36
0.1,24.5
0.85,35.0
2.6,69.9
0.15,45.0
0.15,24.9
0.85,269.9
6.61,299.9
3.15,169.99
0.1,59.9
5.95,120.0
0.75,35.0
0.55,136.4
13.25,109.0
0.2,59.9
10.9,99.99
0.23,19.49
8.35,79.9
1.1,69.5
0.25,29.0
0.1,7.0
0.65,169.99
3.95,169.99
0.31,79.69
2.5,99.9
5.42,139.0
0.15,18.0
0.45,179.9
0.32,86.0
0.2,59.99
1.05,78.9
0.1,19.99
1.75,59.9
1.2,99.99
2.35,99.9
0.15,18.99
1.55,49.9
0.35,45.95
1.35,89.9
2.71,134.0
7.45,50.4
0.19,67.9
1.2,79.9
0.92,64.8
9.75,205.0
0.9,79.99
0.65,47.9
0.1,13.99
1.4,218.0
0.6,59.9
0.85,99.9
3.3,92.0
0.3,18.9
0.95,24.9
4.75,219.97
0.08,15.9
0.5,223.64
0.25,26.9
2.6,389.0
0.05,139.9
30.0,399.9
0.18,46.4
1.2,89.99
5.25,109.9
1.4,44.35
3.2,140.0
0.2,83.88
5.55,110.0
1.86,109.9
4.05,219.9
0.55,49.9
3.0,51.45
0.16,63.9
0.4,325.0
0.34,199.9
0.2,49.8
1.6,129.99
0.16,51.0
0.9,349.9
0.2,29.15
0.82,159.99
30.0,399.0
0.57,419.0
0.7,59.9
0.92,599.9
0.1,59.9
1.05,74.99
0.08,14.67
0.25,340.0
0.3,6.5
0.35,24.99
0.8,34.9
3.06,1380.0
0.8,59.9
0.65,40.0
0.35,1999.9
0.7,69.89
0.05,17.5
0.2,39.0
0.15,39.9
1.45,152.4
0.22,13.98
0.75,69.0
1.75,59.9
0.7,119.99
0.3,27.99
4.8,199.9
1.38,89.9
1.25,39.0
2.55,159.99
0.2,119.9
2.2,89.9
0.2,39.0
0.25,44.9
0.9,59.9
0.57,154.17
0.2,49.9
10.75,169.0
1.0,105.0
0.2,89.99
0.44,26.5
1.0,44.99
0.28,49.0
1.1,71.99
9.85,179.0
0.36,20.99
0.2,39.9
1.38,89.9
0.5,29.9
1.45,99.9
0.85,56.99
3.6,239.99
0.9,29.9
3.25,126.99
0.5,39.9
0.25,56.0
0.5,5.7
0.35,25.9
30.0,109.99
0.1,10.99
0.8,45.9
0.1,27.99
0.65,92.0
0.75,35.9
1.55,58.0
0.38,115.0
0.6,50.9
0.1,34.5
6.0,43.99
7.62,241.1
0.2,48.0
0.21,61.4
0.12,17.99
5.95,143.8
0.35,19.99
0.25,48.6
15.1,186.5
0.1,32.9
0.6,59.9
0.15,20.9
20.45,142.0
1.7,149.9
0.1,34.3
1.4,36.9
9.75,205.0
0.15,18.9
0.3,27.9
1.38,89.9
0.1,50.0
0.15,12.9
0.37,59.9
0.18,69.0
0.42,108.0
0.2,49.9
0.45,190.0
2.78,201.38
1.25,99.9
9.75,205.0
1.57,299.9
3.2,17.55
0.2,26.9
27.8,126.0
30.0,389.0
0.9,79.9
1.85,54.9
1.55,53.9
0.55,39.9
5.9,34.2
0.3,133.4
0.95,189.59
7.35,839.0
1.56,179.0
0.1,19.99
1.08,21.89
1.05,68.9
0.15,42.0
21.15,509.0
0.54,217.85
1.35,81.9
0.45,104.0
0.46,110.65
10.75,388.0
0.1,79.0
1.0,189.99
0.2,49.99
0.2,23.2
1.15,114.9
0.2,35.9
0.65,1000.0
0.26,224.9
7.62,299.9
0.42,149.99
0.11,39.92
1.65,199.0
0.15,29.99
3.78,109.99
1.4,105.6
0.6,38.9
0.7,99.0
1.54,77.9
12.25,119.9
0.8,59.9
1.15,35.9
0.28,97.9
3.5,159.9
0.2,19.9
0.35,42.9
0.54,48.0
5.4,199.0
1.13,39.9
3.45,110.8
25.4,699.99
17.8,139.0
0.25,49.0
1.55,120.0
0.45,235.9
0.7,50.9
6.6,86.5
1.53,119.9
0.45,292.9
6.8,140.0
0.21,15.5
1.4,119.9
1.35,120.0
0.42,147.79
9.75,148.0
0.3,45.4
9.66,649.0
0.8,49.9
0.4,49.95
0.84,39.0
0.8,44.9
11.35,228.0
0.3,27.99
0.4,56.99
0.2,180.0
0.13,59.0
1.52,56.25
0.2,16.99
10.45,195.0
1.5,55.9
0.2,19.9
0.55,38.9
1.94,75.0
0.7,99.9
0.2,59.0
1.55,59.9
0.4,49.0
6.55,149.99
0.3,38.9
0.7,119.99
0.35,87.67
2.5,159.0
0.35,56.99
0.3,28.9
1.55,76.9
0.85,56.99
0.2,17.9
6.55,139.0
0.27,299.0
0.4,83.8
0.55,72.0
0.2,15.9
1.6,149.9
0.21,109.89
0.84,113.57
0.34,99.9
1.1,19.99
1.4,35.0
2.95,179.0
2.1,109.0
0.28,21.7
0.2,150.0
0.64,39.99
0.4,146.99
1.75,89.9
1.15,139.99
0.5,169.0
0.12,18.9
0.1,34.99
10.05,138.0
1.58,649.9
1.75,53.9
0.8,59.9
2.45,200.0
0.1,34.9
1.2,149.9
0.1,19.9
0.1,211.05
2.6,129.6
0.5,47.75
0.28,157.77
1.76,259.6
10.18,299.87
1.28,109.8
1.9,279.9
0.12,24.99
1.6,59.99
0.35,28.0
0.2,150.0
1.6,59.99
0.15,110.32
2.55,76.9
2.0,69.0
0.65,34.0
0.65,59.7
0.18,47.49
0.2,38.0
1.65,36.4
0.5,27.99
0.1,19.99
0.1,35.0
0.45,49.9
0.7,139.99
0.2,29.9
0.3,29.99
0.85,69.99
1.86,50.7
0.3,38.0
0.6,44.9
0.15,26.9
10.6,79.0
0.1,9.9
0.3,31.9
0.32,223.0
0.21,88.0
3.2,187.43
3.0,119.0
0.3,299.0
0.31,102.0
0.98,64.0
0.3,78.0
0.07,9.8
0.15,29.99
0.34,145.9
0.2,252.0
0.36,49.0
0.45,39.9
3.78,109.99
0.15,34.99
2.05,59.0
0.2,27.99
0.55,52.5
0.15,18.17
1.5,99.9
0.4,122.99
5.3,326.16
0.65,39.99
4.8,399.76
0.15,149.3
0.15,24.99
0.25,24.99
0.61,49.5
0.52,119.86
1.65,49.9
0.18,33.9
14.6,249.9
0.79,199.9
2.15,76.9
3.75,269.99
0.34,55.0
0.25,99.0
0.45,100.0
0.7,27.5
30.0,460.0
0.3,44.99
0.7,122.99
1.23,229.69
4.4,89.9
0.8,59.9
0.9,84.99
0.58,99.9
1.45,134.0
0.28,193.0
2.15,110.0
0.85,35.0
0.3,32.9
0.21,67.9
0.7,69.9
0.2,109.0
1.3,55.9
0.2,29.0
0.2,13.65
0.65,129.99
0.15,54.9
14.65,149.9
0.55,69.99
6.05,149.0
1.83,124.43
0.3,38.99
0.8,147.5
0.44,39.9
0.75,89.9
0.2,149.9
0.2,44.9
4.0,279.9
0.5,199.0
5.95,143.8
1.05,199.9
1.4,58.99
1.85,108.9
0.8,36.5
7.6,129.99
0.15,199.0
0.68,19.49
1.87,29.5
0.2,29.0
0.26,224.0
0.3,389.0
1.11,45.36
5.3,169.9
0.7,74.0
1.3,69.0
0.57,35.0
0.35,199.7
0.75,250.0
1.8,42.0
0.34,64.0
9.1,104.0
1.85,59.9
0.2,188.9
0.19,28.45
0.38,69.0
1.9,109.99
1.82,209.9
10.07,129.99
0.3,149.0
0.8,59.99
1.2,79.99
2.05,103.8
0.6,45.9
2.28,132.9
0.25,14.99
0.34,199.0
1.0,40.0
0.22,39.99
0.18,12.9
0.35,179.9
0.28,169.99
0.16,254.0
0.85,75.0
0.4,122.99
10.5,35.99
0.2,16.9
0.25,23.7
7.8,520.0
2.85,69.0
0.35,119.9
0.42,669.9
0.35,33.6
7.0,58.9
1.0,40.0
2.75,269.99
0.28,61.8
0.7,37.0
0.1,26.99
0.1,29.99
0.35,119.99
6.05,89.99
0.25,15.9
0.94,89.0
0.5,38.97
0.16,27.49
3.15,249.9
0.18,19.9
0.2,12.9
0.05,29.9
0.25,429.9
0.35,29.5
0.7,62.5
0.43,99.99
1.7,110.0
1.4,420.0
4.15,59.9
1.05,35.0
3.4,152.0
0.55,39.9
1.15,105.0
0.15,29.9
0.2,29.99
1.2,27.2
0.65,23.99
0.1,14.9
0.25,64.9
1.8,78.0
1.5,41.0
0.1,39.99
0.45,149.06
30.0,680.0
0.2,13.65
5.65,249.9
1.2,59.7
1.05,60.5
3.35,189.9
0.8,75.9
3.0,43.92
12.0,250.0
0.2,9.88
0.43,169.99
0.1,23.99
0.1,15.0
1.8,126.0
0.15,28.9
0.25,199.0
1.55,99.9
1.81,79.99
0.95,137.0
0.3,21.9
0.7,42.9
0.12,12.97
1.5,49.0
0.54,379.9
1.9,267.0
0.4,19.9
0.72,47.9
0.35,599.0
0.2,33.8
1.05,39.99
1.43,117.0
1.1,105.6
0.1,18.9
1.35,116.9
0.75,34.9
1.42,55.49
0.49,65.0
0.75,35.0
1.25,37.5
15.8,987.0
1.3,75.0
0.4,56.99
0.42,25.49
0.35,39.99
0.15,39.99
1.63,124.99
0.57,262.0
1.7,149.9
0.6,45.9
0.5,109.99
1.04,68.9
0.25,34.3
0.8,79.89
0.45,169.9
0.9,69.9
0.7,51.0
6.95,998.0
1.0,105.0
0.35,74.67
1.1,79.9
0.4,34.9
6.66,175.0
1.15,519.99
0.2,30.1
0.35,29.5
4.2,99.99
0.45,99.0
8.15,249.9
1.6,119.9
20.05,459.99
6.55,129.0
0.3,39.9
0.77,120.0
2.75,79.9
1.6,31.9
0.95,29.9
0.25,69.49
0.35,59.99
0.23,79.9
0.35,54.99
3.5,120.0
0.15,24.89
0.28,69.9
0.72,119.9
0.28,389.0
0.18,19.9
2.5,369.99
0.4,113.54
0.1,17.0
3.25,126.99
0.35,24.99
1.15,59.9
1.3,109.9
0.85,56.99
6.35,129.15
0.4,79.9
0.2,83.48
0.2,39.9
2.2,59.0
2.2,127.99
1.5,49.9
0.1,45.0
27.15,449.9
0.5,19.9
20.9,395.0
0.95,35.0
6.05,79.0
2.25,415.7
1.55,49.0
0.9,51.0
0.21,113.1
0.32,84.89
0.95,129.99
0.4,30.4
0.15,28.9
3.22,22.99
0.9,97.0
0.15,129.9
1.25,95.2
0.41,239.8
2.8,149.9
0.2,49.0
1.45,64.9
3.6,118.9
5.35,99.0
5.0,69.9
2.44,139.9
0.4,330.0
0.43,205.81
0.16,12.67
0.25,50.9
1.75,93.9
4.75,130.0
5.1,50.9
1.85,159.9
16.4,179.99
3.15,110.0
0.41,198.99
5.75,75.0
0.2,49.0
0.25,21.99
0.18,12.9
0.41,47.5
0.7,129.9
0.25,89.99
0.2,49.9
1.25,69.9
1.8,48.9
0.25,49.0
0.25,49.0
0.53,149.9
3.3,149.99
0.2,14.6
0.56,197.9
1.6,118.99
0.45,41.0
11.02,173.0
0.55,19.9
3.5,220.0
0.1,39.99
1.7,149.9
0.4,109.9
0.45,115.0
0.15,17.0
0.1,19.99
1.6,74.9
2.42,166.99
0.65,32.99
1.11,49.98
2.75,159.0
0.35,110.32
0.25,37.9
0.4,113.25
4.5,112.99
0.9,349.9
2.2,193.0
2.4,259.0
0.55,798.9
1.0,77.0
0.35,215.0
0.95,135.0
0.5,29.99
2.5,99.9
1.05,99.9
0.3,12.99
0.55,62.0
0.24,79.9
1.15,89.9
1.35,79.0
4.85,190.0
0.58,1299.65
0.22,109.99
0.4,100.0
5.2,59.9
1.94,110.0
4.8,49.0
2.05,69.0
4.3,489.0
0.35,26.54
0.1,29.99
1.11,53.79
0.8,69.9
2.4,87.0
0.1,32.0
0.2,39.9
0.8,120.0
0.54,259.0
6.8,329.9
2.0,128.35
0.25,49.0
2.38,169.9
0.3,29.99
1.55,98.99
0.15,25.9
1.17,79.0
1.2,160.0
0.15,119.9
0.35,135.0
0.42,568.0
0.18,65.0
0.8,54.4
0.15,25.9
1.8,135.0
0.55,49.9
0.48,99.9
0.85,139.0
0.8,119.0
0.1,225.0
1.4,97.5
1.55,49.9
0.13,25.0
0.17,93.9
0.7,122.99
0.6,49.9
0.2,33.9
30.0,399.0
0.92,119.8
2.0,58.9
0.7,29.99
7.48,89.98
0.4,59.0
6.08,99.99
1.25,59.9
0.15,18.9
0.4,330.0
0.3,44.49
0.85,96.0
0.7,120.0
7.05,45.9
0.25,45.9
7.15,25.7
0.3,129.9
0.23,68.0
2.72,409.9
5.45,495.0
0.34,239.9
18.25,229.99
0.5,25.95
0.56,599.65
0.6,175.5
0.3,35.9
0.8,59.99
0.25,29.0
3.22,19.9
0.25,299.9
0.4,22.5
1.2,49.9
1.0,129.0
3.75,315.0
0.35,24.98
1.0,62.99
0.2,29.3
12.0,439.0
2.05,185.49
0.35,39.99
0.15,15.12
7.9,47.99
0.38,97.1
0.25,49.0
6.05,99.99
0.15,29.99
0.8,19.69
3.0,299.0
30.0,189.9
0.4,31.99
1.05,35.0
6.41,195.99
0.35,27.99
0.3,27.99
0.6,34.99
0.44,30.97
0.38,99.49
0.25,78.0
8.0,79.0
0.53,149.9
0.15,39.0
2.84,179.0
0.45,40.0
0.15,25.99
2.0,181.0
1.5,79.9
0.1,12.99
3.6,19.7
1.0,36.9
0.71,572.9
2.95,149.0
0.19,250.9
1.85,80.0
3.05,94.0
0.8,169.9
9.6,258.76
0.1,55.9
1.85,59.9
0.52,22.9
1.5,40.0
7.22,238.9
0.4,44.9
0.53,149.9
6.55,99.0
0.2,160.0
1.7,129.9
0.15,59.9
0.15,29.99
1.45,69.9
0.4,49.0
2.5,69.9
7.85,47.99
8.25,180.4
2.6,69.9
0.71,668.0
0.25,35.0
0.15,38.0
2.0,91.4
14.0,226.97
2.45,189.9
0.3,34.99
20.5,419.9
5.58,259.99
0.45,12.16
0.15,79.9
13.39,116.99
12.6,209.0
1.5,59.9
18.6,338.5
0.25,31.9
0.15,100.0
0.98,199.9
0.8,79.9
0.22,45.0
0.25,59.0
3.15,264.9
0.3,50.0
6.55,119.99
0.06,16.9
0.59,84.9
0.22,45.6
1.65,199.0
0.7,235.0
0.34,145.9
0.4,18.95
0.2,35.0
0.15,29.99
0.2,5.9
0.44,29.99
0.44,33.0
0.15,55.3
1.8,48.9
2.15,149.9
0.5,55.9
1.5,75.9
0.4,56.99
2.6,259.9
3.3,317.0
0.15,45.9
1.5,54.16
0.65,59.9
0.25,24.99
0.25,29.9
0.7,1299.65
0.7,95.0
0.5,38.97
0.9,129.9
1.35,59.9
0.95,18.0
0.21,89.49
0.3,13.9
1.2,639.99
4.27,86.99
0.55,49.9
1.1,49.99
1.05,69.99
9.15,329.0
0.25,259.9
0.4,122.99
0.15,9.0
0.22,29.98
2.0,45.9
0.05,99.65
0.25,89.99
1.8,53.9
0.89,38.89
0.7,175.92
0.5,27.9
0.75,59.0
1.4,26.18
1.35,99.99
0.7,55.0
0.3,119.2
1.4,38.4
3.5,199.0
0.45,295.0
0.2,39.9
5.35,69.9
2.6,69.9
0.17,72.0
1.7,40.0
2.15,229.99
0.14,85.0
0.17,65.9
1.68,99.77
0.2,29.9
3.5,120.0
0.1,57.99
2.84,179.0
0.9,29.9
0.9,66.9
0.56,116.9
0.88,109.99
0.9,99.99
1.25,143.0
11.5,489.9
0.58,110.0
9.4,109.9
1.95,199.0
1.1,75.9
0.44,26.9
0.15,79.9
0.58,99.9
0.22,83.49
0.9,159.99
1.7,129.9
0.5,99.9
0.2,58.99
0.15,95.0
0.25,29.9
0.98,57.9
0.23,29.9
0.57,119.2
0.2,14.99
1.0,44.9
0.95,38.5
0.5,139.9
0.43,19.9
12.75,428.0
0.1,8.9
8.6,179.9
0.3,27.99
0.35,102.9
1.25,75.0
0.2,19.9
0.15,49.9
0.4,44.9
2.1,83.5
0.58,115.0
2.35,24.99
4.27,82.64
0.4,69.9
5.2,96.99
18.15,449.99
0.65,35.0
0.9,119.0
1.1,457.0
0.5,189.9
2.65,398.0
1.65,72.9
2.0,180.49
12.38,99.96
13.35,149.98
0.15,21.9
1.55,79.9
0.2,39.0
0.25,69.0
0.15,55.13
0.1,32.0
0.34,55.0
0.75,89.9
2.65,459.99
0.65,30.79
3.3,119.9
1.7,140.0
0.55,39.0
2.6,199.9
27.15,449.9
10.45,76.0
7.65,179.0
1.55,49.91
0.1,12.97
0.15,19.9
6.15,99.0
0.6,84.99
3.1,259.99
0.2,9.9
0.3,49.9
1.5,49.0
6.55,149.0
0.25,29.0
0.35,24.99
1.0,119.9
0.13,24.6
0.5,69.99
3.15,189.0
2.8,155.87
2.96,279.0
2.54,89.9
0.1,149.65
0.6,119.9
6.1,34.9
2.95,109.9
0.4,69.9
0.36,348.8
0.3,27.99
0.4,98.99
0.4,54.9
0.4,111.9
0.1,289.9
0.2,13.65
0.34,209.9
0.25,13.99
0.2,44.49
7.45,109.0
0.35,24.99
0.45,129.99
0.2,26.99
0.43,56.89
0.1,50.99
0.24,79.8
0.18,19.9
0.25,31.9
0.7,36.0
4.35,119.8
0.7,69.9
0.1,59.9
0.16,64.89
0.35,55.0
0.25,29.0
0.17,40.0
24.1,199.0
0.2,16.99
0.17,16.59
6.35,199.0
0.55,32.54
0.62,104.9
2.5,179.9
1.1,89.0
0.15,19.9
0.38,56.99
1.08,130.0
1.35,81.9
0.18,18.9
3.85,179.9
0.15,13.65
0.55,35.9
0.89,29.9
2.6,69.9
1.85,199.99
1.25,79.95
0.5,65.0
1.85,199.7
1.05,99.75
0.3,29.99
0.3,28.0
1.25,59.0
2.72,87.9
0.18,12.25
7.12,69.9
1.55,53.9
0.7,99.0
0.6,39.0
0.85,149.9
0.5,179.49
0.31,290.0
0.39,119.9
2.25,37.9
6.45,50.0
0.6,37.87
0.38,20.0
0.3,25.99
0.15,34.9
0.12,12.6
0.65,108.9
0.43,109.9
2.1,139.0
0.53,149.9
6.3,360.0
1.0,243.0
0.43,119.9
0.25,7.5
0.52,179.9
0.5,775.0
1.4,118.9
1.65,89.9
0.15,24.5
1.03,37.9
0.5,139.9
3.05,564.99
0.1,37.99
30.0,564.0
12.25,250.0
0.1,27.7
3.2,54.9
1.8,113.3
0.2,34.9
23.0,139.99
0.1,22.0
0.32,84.9
14.55,73.99
0.65,58.9
0.2,19.9
0.7,134.9
0.1,29.9
0.63,40.9
3.3,67.9
0.32,159.58
1.3,69.9
0.18,29.99
0.99,50.0
1.38,89.9
0.35,9.9
1.6,99.0
1.74,289.9
2.81,52.9
1.87,35.0
0.2,39.0
0.1,27.99
1.35,119.0
0.1,61.5
2.95,197.0
0.4,109.9
2.0,352.57
0.18,29.98
1.5,45.0
0.9,129.0
0.3,22.9
1.0,32.0
3.6,113.9
0.27,299.0
0.25,49.0
0.6,48.9
0.05,24.9
0.38,299.9
0.74,44.85
0.4,109.9
0.55,117.7
2.0,99.9
0.2,19.9
6.45,99.99
1.2,64.9
2.15,149.9
0.4,109.9
17.6,559.0
0.75,112.9
0.24,44.32
0.6,84.99
0.35,149.0
4.2,68.5
0.51,84.9
0.6,84.99
0.35,127.9
0.2,115.0
1.55,164.9
0.2,20.9
6.55,189.99
6.6,194.0
0.54,189.99
1.68,117.99
0.5,166.0
0.65,49.0
0.85,118.9
0.4,99.0
0.35,48.9
0.4,330.0
2.03,285.9
0.4,75.0
0.15,120.0
0.9,159.9
0.42,190.83
0.09,89.0
12.28,169.99
1.2,39.9
0.25,15.9
7.7,125.0
0.15,12.9
8.5,83.5
4.8,105.0
0.95,56.1
2.6,69.9
1.18,259.9
0.7,84.9
0.1,25.9
0.9,149.99
0.7,79.0
5.4,129.9
1.5,89.0
1.6,129.99
10.07,69.99
0.05,22.9
0.4,69.9
14.3,90.9
0.1,23.99
1.35,99.9
0.15,18.9
0.43,248.0
0.88,56.99
1.2,56.99
2.6,75.0
1.65,119.9
1.3,17.8
1.65,49.9
23.0,139.99
7.85,43.0
5.95,89.99
0.54,19.9
0.45,46.99
0.14,59.0
4.1,84.0
0.1,18.9
1.2,199.9
0.75,160.9
0.3,29.9
0.3,27.99
0.35,38.67
0.5,32.9
1.4,160.0
0.15,7.0
12.5,315.0
0.58,110.0
0.6,84.99
0.35,39.99
1.0,254.9
0.12,19.99
0.16,45.99
1.15,74.9
2.9,12.99
0.32,69.0
0.15,21.99
12.45,229.99
0.62,127.27
0.5,49.9
9.75,195.0
2.4,149.0
1.8,49.0
2.14,89.9
0.22,37.99
14.6,249.9
1.35,58.99
2.6,259.9
0.34,219.9
8.6,53.0
1.7,299.99
0.28,23.9
2.2,89.5
3.0,499.9
9.2,79.99
0.35,27.9
1.4,125.0
0.32,17.0
2.4,32.0
1.62,113.0
13.35,146.94
0.3,29.99
7.7,89.0
2.2,179.99
1.2,35.9
0.9,119.0
1.38,79.9
4.25,69.0
1.72,139.05
10.7,239.0
0.9,48.9
0.55,48.9
0.58,99.9
0.45,36.6
0.85,49.0
0.45,169.9
0.4,74.9
0.15,21.9
0.2,12.5
0.15,34.99
0.2,19.1
3.95,99.9
2.7,133.99
0.8,49.0
0.35,46.99
0.1,159.99
1.55,99.0
0.32,84.9
0.3,78.9
0.08,20.25
1.65,59.9
0.25,39.5
4.65,215.0
1.5,89.9
2.15,139.99
0.5,39.99
9.38,119.99
2.2,84.99
2.2,29.1
0.7,96.0
9.27,379.99
12.0,228.0
0.15,59.9
16.25,99.9
4.34,239.99
0.72,170.0
11.25,99.8
0.25,129.0
1.35,69.9
0.7,114.99
12.0,399.9
0.15,39.9
1.15,48.9
0.05,23.89
0.13,59.0
0.2,24.9
4.8,105.0
0.15,14.9
1.05,69.0
0.19,49.9
7.35,99.99
0.38,55.8
0.4,62.49
0.3,79.0
8.3,129.97
14.35,34.0
0.62,179.9
22.25,834.56
1.7,69.99
1.08,32.9
1.15,21.99
4.8,105.0
0.9,349.9
0.1,19.99
0.1,69.99
1.25,99.0
8.88,99.9
0.4,22.15
0.5,24.99
0.5,50.0
0.25,31.9
0.76,177.0
2.6,69.9
0.7,122.99
1.6,149.9
0.9,51.9
0.2,58.99
0.5,46.99
0.25,49.0
1.5,119.99
0.88,99.9
0.35,30.9
0.44,44.3
1.9,69.0
0.45,49.9
1.03,65.0
0.55,136.9
1.53,145.9
0.28,17.0
4.5,199.9
0.3,177.76
0.2,9.9
0.45,75.0
0.34,145.0
0.2,24.99
0.95,165.0
0.15,12.49
1.6,170.5
0.2,13.65
25.1,69.9
0.8,79.9
23.03,669.0
2.1,89.9
0.55,120.0
0.08,23.99
1.65,238.0
1.0,59.9
0.25,50.0
1.18,99.9
0.95,29.9
0.65,47.9
7.5,69.9
0.47,598.97
0.2,120.99
10.95,149.0
2.8,119.0
0.25,79.0
0.4,109.9
0.55,23.9
9.85,329.99
17.55,139.9
2.84,179.0
1.14,160.0
2.85,93.0
0.3,56.0
0.15,19.9
1.35,168.98
4.45,112.99
2.55,284.9
1.4,19.83
7.43,119.94
0.25,29.9
0.2,28.0
0.5,25.0
5.7,370.47
5.95,143.8
0.4,24.9
7.6,414.62
0.38,124.99
0.15,12.3
0.15,55.13
0.5,69.9
1.85,69.0
0.25,19.9
1.95,29.9
0.12,59.99
0.2,49.0
0.55,88.0
8.35,59.9
0.7,19.9
0.7,39.9
0.11,72.9
0.15,95.0
0.4,24.9
0.4,119.9
0.96,114.0
0.75,32.9
0.53,169.99
5.4,139.0
7.0,132.2
1.55,158.95
6.55,149.99
0.53,149.9
0.4,157.0
0.2,9.9
0.3,29.99
0.8,269.0
3.05,199.0
0.72,44.9
0.2,59.0
2.9,199.0
2.85,29.9
0.05,18.9
11.75,2120.39
0.65,129.99
1.6,110.0
0.1,29.9
1.35,99.9
0.5,79.9
0.25,50.0
0.85,56.0
9.75,103.99
6.2,150.0
0.8,69.0
11.75,265.0
0.8,39.99
6.85,139.0
9.85,139.0
0.12,29.9
1.35,47.9
0.6,89.9
0.16,33.85
0.4,24.99
0.45,67.99
0.6,84.99
2.6,69.9
0.55,37.95
5.42,191.47
0.1,23.99
0.95,69.9
0.7,122.99
0.43,139.0
1.23,66.9
0.6,39.99
6.45,119.0
0.48,41.99
0.4,109.9
1.05,169.89
0.15,12.9
1.4,199.0
1.7,229.99
2.1,87.99
0.52,65.9
0.9,349.9
0.4,43.0
0.34,99.9
1.65,93.5
1.7,43.8
1.23,105.9
1.82,89.9
0.75,32.9
0.1,59.0
1.3,12.49
0.4,47.99
0.2,10.9
0.85,119.99
0.28,23.8
1.75,53.9
0.88,258.3
6.5,89.99
1.87,29.65
0.5,51.9
0.65,48.9
0.3,20.3
0.5,99.99
16.13,186.99
0.2,58.99
0.25,99.99
1.85,80.0
7.65,120.0
0.22,29.99
0.22,171.0
0.4,49.8
16.2,219.0
0.15,24.5
0.25,58.5
4.3,64.99
0.55,32.2
6.1,85.0
0.6,39.0
0.5,179.49
0.18,180.0
0.4,65.0
0.05,18.0
0.65,89.9
0.95,32.99
1.38,89.9
0.21,81.5
10.2,143.0
2.75,109.9
1.5,53.9
1.2,25.0
4.3,595.99
2.2,156.3
0.2,14.9
1.6,59.99
0.4,17.99
0.15,19.24
0.65,47.9
0.6,38.0
1.15,78.65
0.58,128.89
0.4,309.9
5.95,99.99
0.2,20.0
8.45,89.9
14.78,192.99
1.05,58.0
1.24,44.9
0.2,25.99
2.35,105.99
0.55,65.0
4.45,280.0
0.12,135.0
0.5,25.0
0.45,67.99
0.3,75.0
0.5,52.5
0.25,49.0
0.55,129.9
0.6,34.9
0.3,119.9
1.45,159.9
0.5,59.9
0.25,35.0
0.1,23.99
17.05,799.0
0.7,59.9
3.6,259.9
0.6,79.9
1.1,193.0
0.35,4.4
0.2,58.99
4.55,90.0
1.0,105.0
2.44,150.0
2.85,219.99
0.15,49.9
1.8,84.0
6.13,104.99
0.28,85.0
3.35,290.0
2.8,199.9
1.9,115.0
2.6,69.9
5.65,335.99
0.6,72.58
1.65,49.9
0.15,39.9
14.9,279.9
0.8,49.99
2.7,199.9
1.3,54.9
17.3,249.99
0.85,35.0
9.7,109.97
0.35,79.9
0.6,82.9
0.11,659.99
1.75,49.97
1.05,131.99
0.56,21.9
14.45,219.0
23.3,346.0
2.84,179.0
0.1,69.9
0.5,35.9
0.25,24.99
0.6,23.99
6.9,189.9
2.75,79.0
1.6,35.0
5.9,109.99
0.2,20.3
0.58,138.0
0.1,6.99
0.8,45.9
2.1,62.7
1.2,139.9
0.7,47.0
0.25,49.9
2.5,69.9
30.0,235.9
6.15,139.0
0.25,31.9
0.2,42.0
3.73,139.99
0.35,164.0
16.17,199.99
5.8,69.9
0.3,45.0
1.6,59.0
1.8,109.9
0.92,69.9
0.18,47.49
0.3,31.9
7.1,629.0
0.28,139.0
0.62,140.0
0.35,79.99
1.0,88.8
0.7,21.99
0.35,107.0
0.55,194.99
0.35,39.99
0.1,49.9
0.53,149.9
0.25,79.99
0.5,8.85
15.8,999.0
1.2,152.19
0.2,16.99
1.0,44.99
2.1,141.4
0.7,170.0
0.2,19.9
3.0,65.0
0.85,55.0
1.0,108.0
2.05,34.99
0.7,169.99
0.35,219.0
17.3,249.99
0.65,290.0
1.4,55.0
2.2,98.99
0.85,38.4
0.1,24.9
0.44,33.0
1.18,175.0
0.4,122.99
1.9,73.5
1.13,39.5
0.15,19.9
4.6,109.0
0.45,169.9
0.5,145.0
3.01,78.8
0.43,209.99
0.3,280.0
1.81,87.0
0.15,120.0
0.4,89.9
0.25,23.9
0.2,44.98
9.0,89.99
16.4,110.0
0.15,3.9
5.85,47.0
1.1,50.0
0.35,87.9
2.6,199.0
23.3,346.0
7.85,46.99
9.75,200.0
0.45,33.9
0.35,69.0
0.35,55.0
0.15,64.99
0.2,14.9
0.66,779.0
1.25,118.13
2.0,219.99
10.8,140.0
0.78,51.4
2.5,164.9
0.25,79.99
0.3,18.99
15.48,136.99
1.4,95.9
0.9,15.0
0.2,31.9
0.6,39.0
10.8,140.0
6.79,299.99
0.25,49.0
0.42,55.9
0.9,38.99
0.25,29.98
0.9,19.45
1.35,109.9
0.8,31.92
28.6,179.99
14.95,119.99
1.35,125.9
2.65,389.0
0.1,21.9
0.3,79.0
0.94,89.0
0.35,279.8
2.6,32.0
0.5,5.31
2.55,99.9
0.29,34.9
0.4,118.7
6.55,139.0
1.02,57.99
9.4,79.9
5.65,249.9
0.6,29.99
0.0,90.0
25.5,189.99
0.1,19.9
0.22,159.9
5.9,38.99
0.15,19.9
2.2,69.9
0.57,69.9
0.25,44.0
5.95,530.0
4.6,95.9
1.1,36.0
0.52,59.99
0.65,39.0
0.48,249.9
0.22,23.9
3.4,89.9
0.55,158.0
0.45,112.49
3.3,205.0
0.4,24.9
4.34,145.0
1.3,99.9
2.15,83.99
4.0,750.0
0.4,122.99
9.9,492.75
0.2,19.9
0.25,29.99
0.15,19.0
0.22,29.9
0.4,56.99
0.15,114.99
16.12,146.99
0.15,18.9
0.19,147.37
1.55,114.9
0.8,359.0
0.7,55.0
0.3,109.9
1.25,99.9
0.25,49.0
0.58,899.0
7.75,89.0
1.65,119.9
0.84,109.9
10.4,134.17
0.95,167.99
0.82,89.9
0.18,12.9
3.35,146.39
1.6,99.0
1.36,439.0
2.14,96.0
2.55,819.99
0.05,97.65
11.1,299.9
0.14,122.49
0.52,147.9
0.62,30.99
0.5,19.95
0.7,12.9
1.6,129.99
1.05,144.99
0.25,89.99
0.65,16.9
0.5,249.0
0.1,39.0
1.0,60.0
2.05,103.99
9.75,157.0
3.01,1079.99
0.4,56.99
0.18,43.0
0.85,80.0
0.45,235.9
0.15,190.23
4.55,125.9
2.75,159.9
0.57,112.0
3.1,21.0
2.7,249.9
0.65,79.9
1.55,149.9
0.25,24.88
12.2,329.0
0.15,24.5
0.15,23.99
0.5,589.0
11.88,169.99
0.4,72.0
0.45,36.0
0.75,1680.0
10.15,144.9
1.4,129.89
1.05,66.55
2.25,135.0
0.22,19.9
0.25,44.0
0.15,27.9
0.15,95.6
0.05,51.9
11.88,169.99
0.7,39.8
0.45,159.77
1.0,105.0
0.5,44.9
0.55,29.9
0.2,24.9
0.2,40.0
7.55,109.0
0.85,92.65
0.65,134.9
0.23,134.9
0.4,94.9
20.45,109.99
3.62,69.89
2.2,79.99
0.78,35.9
0.2,80.8
0.2,42.99
1.6,119.99
6.55,109.99
1.85,44.99
0.5,44.63
0.7,65.99
0.55,39.9
0.2,20.59
1.16,59.9
5.05,69.9
1.75,59.9
0.2,27.9
0.3,110.0
13.39,116.99
1.6,99.9
0.5,1999.9
0.4,117.9
0.6,49.9
1.2,45.97
0.2,14.9
0.7,122.99
0.53,149.9
0.2,59.9
0.2,167.0
0.2,35.0
10.35,757.15
0.92,137.9
7.15,24.2
0.25,72.34
7.0,79.0
8.95,145.0
0.4,84.0
1.35,39.99
0.25,19.9
1.15,29.7
0.25,45.33
0.71,619.0
0.35,49.99
0.78,57.0
0.6,69.9
1.18,175.99
0.2,55.0
7.0,58.9
7.6,174.0
0.35,49.0
0.45,90.0
0.1,19.99
0.65,12.9
0.17,109.9
16.17,194.99
6.55,109.99
2.25,119.0
0.39,33.0
0.3,20.3
0.15,39.9
0.35,64.99
4.27,89.8
1.38,89.9
0.3,38.8
0.92,137.9
1.1,35.9
0.4,109.9
0.97,89.1
0.36,56.0
1.55,84.9
0.15,49.0
0.55,65.9
0.5,64.99
0.1,19.99
0.7,59.9
0.3,19.9
1.3,65.0
0.15,21.9
0.4,22.9
1.25,143.0
4.27,89.8
0.35,56.99
0.89,97.99
0.22,38.6
0.25,31.9
14.95,109.99
0.15,19.99
13.8,179.98
7.55,119.0
0.2,42.0
0.27,279.9
1.85,139.99
0.15,29.9
1.8,53.9
0.6,199.0
0.7,34.9
0.8,39.9
0.2,49.9
0.9,64.8
1.87,65.0
0.65,110.0
0.1,19.99
0.57,26.74
7.5,74.99
9.4,140.0
1.2,89.21
1.65,119.9
0.2,167.5
0.3,32.9
0.9,118.88
1.05,110.0
1.75,38.0
0.17,40.0
0.7,83.99
0.5,17.99
0.5,145.0
11.2,179.9
0.36,37.8
0.5,179.0
0.65,111.08
0.3,22.9
1.05,64.0
0.8,38.9
0.6,37.99
1.1,49.9
0.3,28.99
0.85,74.9
3.3,205.0
0.6,35.0
0.5,95.99
0.2,23.9
1.4,84.9
0.37,134.9
6.8,254.9
0.37,34.99
0.11,69.0
0.1,69.77
2.5,94.99
0.2,44.9
0.33,448.0
0.55,89.9
0.59,109.9
0.05,97.65
9.0,89.0
0.4,14.09
0.36,276.0
0.4,399.9
7.1,118.0
21.0,626.0
0.15,79.9
0.4,180.0
2.0,119.0
0.2,49.9
1.75,53.9
1.5,119.0
2.6,259.9
0.72,89.9
0.7,45.9
10.45,299.45
0.7,17.8
11.88,79.99
0.5,122.99
4.6,148.0
3.45,149.89
0.4,99.0
0.15,156.99
5.0,485.0
1.8,59.9
0.22,29.99
0.95,32.5
0.15,69.9
1.6,130.0
1.0,129.9
7.55,89.0
0.8,45.9
0.1,10.0
0.5,69.99
1.7,115.99
0.53,149.9
2.4,167.84
0.7,99.0
9.75,220.0
1.5,76.9
0.62,59.9
0.29,259.99
1.1,44.9
0.8,289.0
0.05,97.65
0.9,349.9
0.35,284.9
0.35,69.0
1.62,106.99
1.9,129.9
0.25,39.0
1.95,40.5
0.42,190.83
0.15,79.9
15.4,830.0
4.6,99.0
16.55,549.1
9.72,139.99
0.2,95.0
0.4,49.0
3.0,139.9
0.35,66.99
0.58,535.9
0.3,29.99
0.1,10.99
0.35,54.9
5.96,887.0
0.88,56.99
0.1,58.99
1.4,94.9
6.3,130.0
13.45,480.0
0.3,379.9
0.25,12.99
0.48,264.0
0.3,252.0
1.7,110.99
0.2,55.49
0.2,29.0
0.28,23.8
0.2,123.9
13.2,204.0
0.95,32.9
6.05,79.0
0.2,252.0
3.95,17.5
0.12,24.89
0.7,49.99
1.0,77.0
2.35,52.11
0.15,79.9
0.25,89.99
0.22,46.86
0.92,116.11
8.8,119.99
1.3,77.5
1.05,174.99
12.05,650.0
0.2,37.47
13.1,369.9
0.2,18.9
8.68,124.99
3.5,220.0
0.4,105.0
1.65,49.9
0.08,29.0
0.2,45.0
2.1,98.99
1.1,44.99
0.8,58.9
1.65,28.17
0.4,18.95
4.5,79.9
1.4,40.0
0.1,15.49
0.5,39.9
1.2,49.9
1.2,63.9
0.26,1200.0
0.25,44.99
0.45,299.99
1.25,100.0
1.65,59.9
14.55,520.2
0.3,49.0
0.88,56.99
0.95,60.0
0.52,199.0
0.15,28.99
1.2,12.99
0.3,37.99
0.45,67.99
3.8,180.99
0.45,29.99
0.35,69.0
6.55,129.0
0.7,46.3
1.7,40.0
1.51,799.6
2.15,229.99
7.3,794.98
0.12,148.0
0.1,181.01
1.75,99.99
4.34,179.9
0.2,49.99
0.25,54.0
0.3,48.8
0.7,79.0
1.35,69.9
0.3,14.99
1.38,89.9
2.2,79.9
0.55,506.0
0.2,17.9
0.55,98.0
0.17,89.8
0.18,24.53
0.12,74.9
0.4,117.7
3.1,85.0
0.25,49.0
0.6,39.9
0.4,129.0
0.15,52.51
1.35,69.0
0.15,14.9
8.85,329.48
2.05,89.9
10.15,340.99
0.6,528.0
1.0,59.9
2.63,79.99
0.25,59.9
0.3,69.9
0.35,31.4
2.6,119.6
3.0,49.0
1.55,59.0
2.5,99.9
7.08,58.9
0.95,59.99
6.85,169.0
1.0,79.0
0.85,38.4
0.25,29.9
0.42,190.83
0.1,19.99
0.85,92.65
0.4,26.0
1.05,144.99
1.8,135.0
0.95,79.9
0.2,89.0
0.3,159.0
0.2,89.0
0.2,10.6
1.3,124.9
0.67,29.0
1.45,379.95
0.2,89.0
0.3,24.99
0.35,39.99
2.35,129.9
7.95,103.37
2.42,166.99
1.1,104.0
0.34,165.0
6.65,109.9
0.13,65.0
7.1,395.0
1.45,89.9
0.25,29.99
0.35,319.0
1.6,59.0
0.25,55.0
1.25,129.9
0.65,39.0
0.46,299.9
0.25,10.0
9.65,75.0
0.1,19.9
5.51,64.9
0.35,157.0
0.8,54.9
1.29,113.89
1.25,48.9
0.05,18.99
0.21,88.89
0.1,49.9
0.25,59.0
15.47,219.99
1.75,59.9
1.72,79.9
2.0,77.7
0.5,69.0
0.2,19.9
0.15,120.0
0.45,16.9
1.4,75.27
1.8,99.99
0.5,22.99
0.55,19.9
7.0,76.45
2.75,340.0
0.25,23.0
0.15,49.9
6.8,149.0
1.85,60.0
10.15,138.0
9.5,599.0
6.95,143.9
1.81,79.99
0.35,29.99
1.5,629.9
1.0,69.99
0.2,7.9
2.28,1099.0
22.18,99.0
8.63,112.99
0.5,26.0
2.34,158.9
0.3,79.9
0.23,34.9
8.05,271.99
0.15,18.9
0.2,39.9
0.7,29.99
3.78,109.99
1.8,149.9
0.45,121.0
0.3,18.0
0.65,40.99
1.15,109.9
0.2,31.9
0.32,84.89
5.65,139.9
0.35,92.49
0.44,69.0
12.32,89.98
0.55,45.9
0.45,33.9
3.5,189.45
1.7,139.99
8.68,119.99
0.2,29.0
0.35,28.89
0.45,10.99
11.1,149.0
0.12,15.49
1.0,77.0
1.6,169.9
0.35,29.5
12.8,699.0
0.48,669.99
11.4,135.0
0.64,49.39
0.16,108.9
0.25,37.0
0.4,49.9
1.07,215.45
0.16,29.45
0.5,99.9
7.05,49.9
1.6,129.99
10.75,279.9
1.8,139.9
1.15,249.99
1.15,125.99
0.25,235.0
0.83,49.0
1.3,125.0
0.32,53.99
5.48,177.65
0.43,99.9
5.4,139.0
1.4,95.9
0.3,11.99
0.87,245.7
0.7,65.49
0.3,69.9
0.35,29.9
0.25,79.0
1.2,139.9
1.35,78.0
1.75,48.9
0.2,44.95
0.25,119.99
9.65,75.0
2.5,135.9
0.35,24.99
2.9,205.0
0.62,535.9
0.9,72.9
0.35,49.0
1.25,96.0
0.25,31.5
19.15,399.0
0.6,84.99
12.68,179.99
0.58,159.9
0.2,37.5
0.45,39.5
0.6,59.9
0.4,69.99
0.1,29.99
0.1,149.65
5.65,49.0
7.65,849.0
1.5,59.9
3.1,21.0
0.3,125.0
1.2,114.9
0.8,69.9
1.75,59.0
0.4,41.9
0.15,84.9
1.15,105.0
12.78,149.0
5.95,143.8
0.25,48.9
6.55,129.0
1.11,53.88
0.18,19.9
0.18,19.9
1.85,108.9
0.55,99.9
1.35,96.5
0.25,69.9
0.15,25.99
1.45,49.9
0.2,59.0
13.7,790.0
0.1,23.99
0.18,39.95
0.15,14.99
3.55,53.9
2.1,899.0
7.7,120.0
0.3,39.99
0.2,39.0
1.95,58.55
0.15,73.8
0.7,89.18
0.68,79.0
0.95,38.4
6.25,187.0
0.7,285.9
0.28,40.0
1.35,59.9
1.3,99.0
0.49,67.0
1.0,39.0
0.44,169.9
0.15,24.99
0.1,23.99
0.35,24.99
0.15,29.9
0.15,75.0
0.5,29.9
0.58,99.9
1.35,106.9
0.3,47.49
0.25,32.0
0.7,69.89
0.25,58.5
0.25,49.0
0.18,12.9
2.5,99.9
0.25,8.99
1.4,70.9
0.2,24.99
0.15,49.9
0.85,109.0
0.55,39.0
0.25,49.0
1.8,129.9
1.7,129.9
1.16,91.0
2.9,110.0
0.86,49.0
0.35,27.99
1.29,113.89
5.7,159.9
5.15,150.0
0.62,139.99
0.05,3.5
1.85,21.15
0.3,34.99
0.35,29.99
1.1,34.9
0.38,199.9
5.4,147.0
1.15,24.99
6.55,119.0
1.55,48.9
0.4,120.0
0.35,24.99
0.6,489.0
0.6,53.0
3.5,73.02
18.23,179.96
0.15,21.9
0.5,299.0
0.45,69.9
7.65,125.0
0.15,110.32
0.12,59.9
0.53,149.9
0.4,72.9
0.8,89.0
0.32,29.9
7.65,179.0
1.82,89.9
0.46,233.91
0.9,54.99
14.05,90.0
0.4,125.0
0.49,37.0
17.03,139.94
0.3,42.9
2.12,196.8
0.2,123.0
10.75,179.9
0.2,12.9
11.88,79.99
1.1,79.9
1.55,49.9
1.82,84.0
4.6,180.0
0.9,35.9
7.0,58.9
0.8,37.9
0.45,72.0
0.45,178.5
1.0,159.95
0.2,38.0
0.5,69.9
0.26,34.99
0.5,54.9
1.15,74.9
0.3,37.99
1.65,59.9
16.05,92.0
1.4,99.9
8.32,99.0
0.1,49.77
0.13,147.9
0.8,54.9
0.08,15.9
0.1,24.9
5.95,99.99
7.62,241.1
2.75,70.0
0.75,199.9
2.1,94.9
2.2,89.0
0.35,49.0
2.45,199.9
5.0,174.9
0.1,126.12
0.58,99.9
0.14,87.0
0.2,29.9
0.6,25.0
0.08,14.89
0.82,69.9
16.1,89.9
0.6,147.5
5.7,49.0
0.85,39.99
0.5,18.4
3.7,139.0
0.2,29.9
16.85,299.0
0.1,18.99
1.55,99.9
0.5,69.99
0.3,24.99
0.25,94.9
1.5,187.2
1.4,44.35
0.3,25.9
0.5,28.9
7.35,443.0
0.4,136.0
1.0,219.0
0.85,70.0
1.05,144.99
0.35,102.0
3.8,150.0
0.5,109.95
0.4,24.9
0.65,60.0
2.0,172.5
0.6,649.0
0.5,50.9
0.1,26.99
0.25,89.99
0.6,84.99
1.25,103.9
0.9,156.0
1.15,85.9
0.22,111.92
2.31,214.0
1.85,79.0
0.5,89.9
0.85,38.4
3.85,405.99
1.5,59.9
0.1,47.3
5.6,36.99
0.28,99.0
1.0,105.0
0.52,199.0
1.25,120.0
0.45,54.9
0.18,12.9
6.8,140.0
0.13,45.9
0.3,39.9
0.25,45.99
1.25,115.0
0.25,44.9
0.15,110.32
0.68,35.95
0.45,93.9
1.1,71.35
0.45,29.9
0.3,64.9
4.35,119.8
0.1,49.9
3.45,389.0
1.05,35.99
0.25,78.0
0.25,127.9
0.36,29.9
0.85,79.9
5.2,89.9
3.6,111.9
0.28,53.49
0.15,19.9
2.05,21.9
1.23,35.0
0.21,113.1
1.55,134.99
0.76,89.0
3.0,299.9
0.4,79.9
0.55,19.95
1.6,192.0
11.2,38.9
0.35,39.9
0.2,42.0
2.7,139.0
2.05,103.8
0.3,364.0
12.8,49.0
0.4,93.5
0.49,39.0
0.1,10.37
1.68,89.9
3.0,49.0
0.29,178.99
1.3,69.9
4.2,134.99
0.85,35.0
4.75,139.9
0.7,38.5
10.0,46.0
0.35,24.9
0.1,24.99
1.05,99.9
4.75,130.0
0.32,199.9
0.1,29.99
3.25,69.9
1.75,53.9
0.12,12.25
0.22,69.0
0.25,89.99
0.5,29.99
0.4,122.99
1.38,79.9
0.1,49.9
0.52,49.9
0.18,55.9
0.12,59.99
0.25,78.0
4.3,14.99
0.25,9.99
5.1,89.9
0.2,31.9
1.55,99.99
2.65,1200.0
0.2,29.99
1.75,49.9
4.0,150.0
0.57,539.9
3.17,78.45
1.1,79.9
1.87,29.5
7.62,241.1
1.55,59.9
0.22,59.98
3.4,45.9
10.75,388.0
0.2,39.0
0.25,29.9
0.8,54.9
0.2,14.6
0.45,22.0
6.55,139.99
0.55,39.0
0.83,34.9
0.25,54.99
0.1,18.9
1.0,61.9
2.85,99.9
0.3,46.9
2.65,88.0
3.4,118.9
0.15,110.32
0.79,159.9
0.4,34.9
1.85,70.0
0.15,29.9
3.05,260.0
1.5,74.0
0.92,149.84
1.55,49.0
16.75,299.9
0.2,9.99
0.35,64.99
1.7,149.0
1.05,72.9
0.7,39.9
1.05,157.89
27.15,449.9
1.0,74.0
0.3,53.99
5.33,149.9
0.3,59.9
2.45,189.9
0.1,18.9
1.05,144.99
6.3,109.9
1.43,499.0
1.0,105.0
0.2,99.0
6.05,120.0
0.42,334.9
4.5,429.0
0.28,69.9
2.0,149.9
0.85,69.99
0.51,48.9
0.4,74.9
1.2,75.9
0.17,14.9
9.75,205.0
1.05,144.99
0.17,20.49
0.3,6.0
0.55,48.0
10.05,305.0
1.6,229.9
0.8,69.9
13.1,428.0
1.87,29.5
3.05,249.9
0.1,19.9
4.15,199.0
0.25,49.0
1.5,114.9
26.4,399.9
0.17,65.9
0.2,24.9
0.05,16.99
1.02,37.0
7.8,190.0
1.75,65.0
0.2,150.0
0.1,96.99
0.1,18.99
0.9,78.0
3.85,99.0
0.6,38.9
3.9,89.9
1.82,89.9
0.18,43.2
0.15,16.99
0.57,32.0
1.05,24.9
0.3,29.99
0.1,23.99
0.3,27.9
1.75,49.9
0.8,69.9
0.8,34.9
0.65,39.9
10.85,345.0
0.2,22.32
0.15,29.99
1.65,39.5
1.5,59.9
9.4,599.99
0.1,54.9
6.13,104.99
0.8,59.0
0.96,119.99
1.05,55.9
0.3,279.9
0.6,99.0
0.98,159.9
1.4,98.99
1.2,25.9
0.2,59.9
4.0,85.0
0.2,59.9
0.8,69.9
0.6,34.99
1.95,95.9
12.5,1390.0
10.05,138.0
4.2,175.99
0.08,39.99
1.85,32.0
0.28,17.9
0.43,52.99
0.15,19.99
0.4,330.0
5.7,55.0
0.35,25.0
0.85,118.9
1.62,134.9
0.35,56.9
2.5,99.9
0.15,16.9
1.5,39.0
1.55,79.9
1.55,129.9
2.58,78.99
0.6,34.99
0.18,47.49
25.75,129.89
0.1,59.9
1.3,189.9
5.55,98.72
1.05,69.99
0.61,22.9
5.68,249.9
0.95,38.4
0.05,11.97
7.15,89.0
1.0,108.0
8.05,22.9
0.18,23.99
1.95,89.9
1.3,87.0
0.85,49.0
0.3,49.89
0.1,59.9
0.7,25.0
1.15,44.9
13.35,146.94
0.12,12.87
0.15,14.9
0.35,64.99
0.25,233.0
0.25,9.9
0.68,44.9
1.4,82.9
0.71,600.0
0.98,98.9
12.05,599.0
1.58,75.9
0.18,11.97
0.1,36.9
0.6,124.9
0.3,33.6
0.2,13.65
0.42,139.5
0.9,565.0
1.4,109.9
0.15,56.8
12.25,250.0
0.4,25.0
1.55,59.9
0.35,9.99
0.25,89.0
0.25,29.9
2.75,59.9
0.5,12.49
1.4,49.9
1.55,59.9
1.25,89.9
0.85,38.4
0.6,49.9
9.0,99.0
0.4,49.9
1.6,114.9
1.11,53.88
0.35,16.0
12.25,174.51
0.15,18.9
0.5,139.0
0.85,69.99
0.95,69.9
2.6,69.9
5.15,22.5
0.9,169.0
0.42,169.0
0.2,29.0
0.88,56.99
0.22,171.0
0.75,75.9
0.18,47.49
13.15,119.9
10.1,278.25
0.1,21.9
0.9,349.9
0.35,39.9
0.9,9.99
0.2,29.9
7.5,74.99
1.8,129.99
1.55,59.9
7.0,58.9
1.2,45.97
1.75,165.9
30.0,760.0
0.79,199.9
1.81,77.99
0.4,79.0
0.3,65.0
0.14,245.9
0.92,137.9
0.58,99.9
9.35,359.0
0.9,349.9
0.53,149.9
0.25,229.8
0.3,116.0
0.35,95.0
12.05,599.0
1.87,96.8
1.05,26.0
1.65,59.9
0.1,49.77
1.82,99.9
0.85,110.0
0.35,199.0
0.25,31.9
2.9,158.0
0.2,17.9
0.53,159.9
1.5,69.9
1.38,89.9
0.37,90.99
0.35,39.99
0.58,38.25
0.15,48.99
0.2,42.0
2.4,229.99
0.85,129.0
0.9,44.5
0.3,21.99
18.15,389.9
0.12,19.8
0.5,339.0
0.55,99.99
1.5,55.9
14.95,109.99
1.8,119.9
1.65,53.9
0.4,29.9
1.23,49.0
0.2,19.49
0.75,81.56
0.08,54.9
0.95,104.0
3.45,31.8
0.36,223.0
0.25,49.0
0.15,27.9
0.45,299.99
2.12,89.9
1.1,58.99
0.45,449.9
0.15,3.06
0.3,219.9
0.3,39.9
0.5,74.9
0.3,199.9
7.5,119.9
0.27,278.0
0.4,25.99
1.84,39.8
5.15,149.9
0.1,49.9
0.35,29.99
0.2,5.9
0.45,159.49
6.55,149.0
7.0,45.9
0.6,69.9
8.8,116.59
4.8,49.97
0.1,19.99
1.6,80.0
0.5,219.9
0.2,45.99
0.12,25.99
0.25,49.99
1.75,119.9
6.6,52.0
1.8,59.9
0.85,74.49
6.55,149.99
1.35,61.9
0.21,21.9
1.3,59.9
0.4,89.99
0.4,499.9
1.4,129.99
4.07,683.38
0.95,18.0
1.4,102.9
0.2,10.9
0.2,16.9
0.6,48.9
0.35,24.9
0.48,241.0
0.3,116.0
0.45,32.0
0.5,20.0
4.0,449.0
0.15,5.0
1.3,59.0
1.03,65.0
0.25,89.99
0.25,49.0
0.75,56.97
7.05,110.0
0.4,22.5
1.15,116.0
1.5,111.9
0.2,39.6
0.2,32.3
0.9,65.9
0.25,56.99
13.05,59.9
0.2,110.32
1.3,49.9
1.0,59.33
16.1,119.9
1.65,49.0
0.94,219.9
0.95,69.9
0.18,29.98
0.8,35.12
1.18,90.5
0.25,89.99
4.62,199.0
3.95,1199.0
0.95,177.99
0.6,248.25
1.5,170.0
7.8,110.0
0.15,29.99
2.4,129.9
0.28,39.9
6.85,139.9
0.45,112.0
1.85,69.0
0.4,22.5
7.85,58.0
0.15,39.9
0.9,44.9
0.15,49.99
0.05,29.9
2.6,69.9
1.61,35.9
0.65,49.0
0.15,79.9
0.25,18.0
0.22,13.98
0.7,38.0
0.92,137.9
0.65,349.99
1.15,120.0
0.28,39.9
0.25,29.9
13.8,329.9
0.4,69.9
0.15,18.9
0.8,62.8
15.05,40.95
1.04,268.99
0.2,29.0
0.23,34.9
0.75,48.9
0.15,25.9
1.9,99.9
1.7,139.99
2.6,69.9
0.28,79.9
15.7,199.9
0.7,74.0
0.05,14.0
1.2,102.9
0.6,309.0
3.55,169.0
2.53,949.9
0.92,144.97
0.13,43.9
0.5,29.0
7.9,129.0
0.3,34.9
0.3,144.99
0.2,19.9
0.22,11.87
0.55,29.99
0.35,181.82
0.46,125.0
0.2,89.49
0.95,32.99
3.3,85.0
1.07,149.91
2.8,1340.0
1.35,109.9
1.0,49.09
0.6,50.95
0.31,102.9
0.85,56.99
1.5,49.9
0.35,155.0
0.98,23.99
0.1,11.5
0.4,117.9
1.25,59.0
1.1,69.9
1.65,53.9
1.38,89.9
0.4,49.9
2.3,195.0
0.85,56.99
5.7,45.0
0.25,49.0
2.5,75.0
0.3,22.9
0.6,83.36
0.44,49.9
0.25,49.0
0.35,29.99
0.3,24.99
0.75,179.9
0.15,14.3
0.4,34.9
1.5,119.99
0.23,22.0
0.6,209.0
2.6,119.6
0.6,34.9
2.8,1340.0
2.1,219.99
0.38,539.89
10.9,112.0
0.5,27.9
1.35,119.9
0.15,45.9
1.35,61.9
0.5,9.8
1.4,64.0
17.6,569.0
1.5,89.9
0.83,49.0
2.9,99.0
0.05,24.99
1.55,53.9
0.05,119.9
0.1,39.9
0.3,26.15
0.45,39.9
0.15,110.32
1.05,119.85
1.85,90.0
1.32,66.9
5.95,143.8
1.75,49.0
7.0,59.9
0.85,70.0
1.0,105.0
1.82,79.9
29.6,349.9
4.47,65.55
0.4,85.9
3.05,39.99
1.7,129.9
1.75,54.9
0.52,239.99
0.7,99.99
5.85,741.82
0.12,18.99
1.25,35.99
0.9,79.9
1.55,59.0
0.45,59.99
0.55,65.9
0.18,34.9
1.03,65.0
1.7,115.99
0.7,179.49
1.7,129.9
5.3,62.99
1.05,144.99
7.0,59.9
6.0,69.9
1.2,34.99
0.21,88.9
0.15,189.99
10.1,265.99
1.65,129.9
0.25,35.0
0.15,20.4
11.6,265.0
0.15,24.99
2.35,63.6
6.05,89.99
0.28,169.0
0.1,289.9
0.7,59.9
0.35,17.89
1.15,63.49
0.15,24.9
1.1,44.06
0.15,19.65
1.4,39.9
0.4,79.9
0.55,667.0
0.95,32.99
0.35,49.98
7.0,79.0
1.1,105.9
0.7,49.9
0.65,84.9
0.7,28.82
0.25,39.0
0.7,110.6
0.4,114.08
0.15,89.9
0.18,94.55
1.8,21.5
0.4,39.9
3.1,138.0
5.42,139.0
16.65,269.99
1.4,36.9
12.05,186.0
0.9,39.9
5.95,113.0
0.2,15.0
0.1,49.77
0.15,84.0
0.15,55.0
1.05,59.9
0.21,89.9
6.85,69.9
0.2,24.0
0.48,75.0
8.55,47.99
7.85,58.0
2.3,52.9
30.0,760.0
0.62,120.0
30.0,978.0
1.38,84.0
0.2,29.99
6.6,149.0
0.1,35.0
0.3,17.9
1.1,69.9
0.5,149.99
0.5,58.19
1.4,74.99
1.45,135.0
1.25,189.9
0.72,115.0
1.3,39.9
1.5,86.99
1.45,139.8
0.3,49.99
4.87,138.0
0.57,26.69
0.45,198.0
0.17,72.99
0.2,9.99
10.45,249.0
7.48,89.98
3.12,99.9
1.0,109.9
0.4,28.69
0.25,74.0
11.32,104.0
0.36,295.0
2.45,166.9
1.1,79.0
30.0,1455.0
3.5,239.9
2.35,146.99
1.2,34.99
1.6,159.9
3.9,59.0
0.2,28.99
1.5,59.9
0.42,169.0
1.95,179.0
1.7,104.9
4.82,80.4
0.98,69.99
0.4,24.9
5.95,143.8
0.36,99.9
3.6,299.3
1.75,49.0
2.42,169.99
0.4,58.9
6.25,73.9
0.92,132.97
12.6,129.0
0.6,179.38
1.0,179.0
0.88,56.99
0.7,46.99
0.1,39.9
0.4,24.95
0.29,45.49
0.1,11.5
5.2,45.9
1.65,99.0
0.12,125.0
0.15,18.9
0.2,150.0
0.75,40.9
0.52,222.0
0.18,29.98
0.85,33.9
0.25,13.9
0.3,27.99
1.5,49.0
8.98,129.99
0.1,15.49
0.28,99.0
19.3,137.5
6.9,189.9
1.0,119.9
0.65,36.65
5.95,143.8
0.2,59.0
6.05,99.99
6.6,219.9
0.4,199.0
0.51,79.7
0.25,129.9
0.2,45.0
0.35,38.79
13.3,525.98
0.7,34.9
0.38,56.99
0.3,16.9
0.5,173.2
9.75,148.0
0.4,79.9
0.35,52.9
1.0,234.9
0.8,45.9
7.22,79.0
0.3,79.0
0.8,29.6
0.3,12.5
0.55,36.9
1.1,69.0
6.1,179.9
0.25,56.99
5.45,150.0
0.18,41.0
0.4,22.5
0.15,34.95
2.3,229.0
0.45,115.0
0.15,15.0
0.6,25.0
0.57,26.74
0.2,40.0
7.65,139.0
0.53,69.0
0.08,13.87
9.75,139.5
0.9,246.62
0.58,169.9
0.18,109.9
0.1,14.89
0.35,319.0
0.15,17.99
0.4,41.9
0.25,30.0
1.45,547.9
0.15,27.9
0.3,155.99
0.15,84.9
9.75,205.0
0.1,35.0
1.55,362.45
0.25,29.9
0.95,150.99
0.32,84.9
4.02,152.9
6.55,179.99
4.34,151.9
0.2,75.0
0.95,33.0
0.4,34.0
0.2,3.9
0.05,9.99
1.2,42.99
1.4,141.12
0.45,168.48
1.82,249.9
6.05,99.99
4.88,59.9
0.15,29.99
1.3,65.63
0.8,49.0
0.2,27.9
5.65,314.97
0.71,699.0
0.7,1199.9
0.15,19.9
5.65,249.9
0.25,79.9
11.8,895.0
0.1,59.9
1.1,69.0
1.6,99.9
0.2,29.9
5.95,99.0
1.15,104.0
1.87,35.0
0.2,54.99
0.2,4.5
1.5,99.0
6.55,119.0
5.1,199.97
1.0,11.5
13.39,119.99
2.6,129.9
0.21,113.1
10.07,69.99
1.6,129.99
5.0,169.9
0.3,97.9
1.4,129.0
0.25,39.9
0.1,69.77
0.25,25.0
0.6,84.99
0.25,357.0
0.7,109.9
1.6,99.0
0.35,79.0
0.25,88.0
0.25,35.0
0.5,89.9
0.95,56.1
4.05,249.9
0.6,189.99
0.25,16.0
0.2,204.0
2.75,144.9
1.15,129.9
0.2,24.9
0.22,23.9
1.75,59.0
2.3,132.9
0.95,59.0
1.45,79.0
22.6,209.0
0.7,105.6
0.32,89.9
8.15,59.9
10.75,388.0
1.87,29.5
0.63,26.9
1.08,25.9
0.25,35.0
7.2,59.9
0.6,175.99
0.55,159.77
0.43,52.11
0.3,29.9
0.38,199.0
0.2,79.49
0.34,320.0
1.02,82.9
1.3,169.99
0.15,110.32
0.8,699.99
0.2,10.9
0.8,23.9
0.8,69.9
4.95,125.9
1.03,29.9
3.52,34.89
0.5,139.0
1.55,59.9
1.5,97.9
2.9,225.0
3.8,150.0
0.1,23.99
2.2,95.0
0.25,78.0
0.18,74.9
0.32,66.9
0.35,34.9
6.6,50.0
0.4,25.0
0.45,249.0
0.4,80.0
0.9,219.9
0.12,54.9
1.15,34.9
1.9,119.9
0.3,16.0
3.7,54.0
0.6,34.99
0.1,34.9
2.0,40.55
0.25,56.99
0.45,35.0
0.92,188.9
0.25,95.0
0.5,69.9
13.45,450.0
0.85,55.0
0.8,59.99
4.65,215.0
0.3,299.0
2.78,284.99
0.17,63.0
0.1,29.99
1.45,59.99
0.95,56.9
0.85,69.9
1.08,78.9
0.6,69.9
6.04,217.9
20.05,1312.0
0.25,29.9
0.4,273.9
3.68,139.0
0.2,42.0
1.0,342.12
0.3,127.5
2.5,79.99
0.15,179.0
0.28,24.8
0.12,35.99
0.6,39.99
0.2,4.78
0.34,204.0
3.5,110.0
0.2,152.0
30.0,189.9
0.35,127.9
0.15,25.9
16.4,121.9
9.95,129.0
0.55,44.99
0.15,43.0
0.44,145.0
0.85,55.49
0.25,54.99
1.1,418.9
1.45,393.99
0.1,6.15
0.5,89.0
11.3,129.0
0.31,116.9
1.6,119.99
1.7,599.0
1.65,59.9
0.6,38.9
1.1,389.0
0.15,49.0
0.25,17.9
2.8,269.99
0.5,129.9
0.57,2150.0
0.4,54.99
0.1,24.5
0.6,44.9
0.8,62.45
2.5,113.0
0.34,155.0
7.85,47.99
9.57,69.9
0.7,89.18
1.82,209.9
0.85,99.9
0.48,249.9
11.65,289.0
1.55,78.0
1.08,339.99
0.5,14.9
0.4,57.0
0.25,29.0
0.7,56.0
0.5,207.9
0.55,82.99
0.25,17.9
0.2,149.9
1.5,59.9
0.9,349.9
1.11,53.79
1.65,59.9
0.98,53.9
0.5,179.49
0.43,99.9
0.35,24.9
0.45,59.0
6.45,63.9
5.3,349.99
1.38,89.9
3.3,205.0
0.1,17.99
2.2,129.89
0.15,13.99
0.1,23.99
0.18,45.0
0.15,24.99
0.15,13.3
16.65,199.99
0.2,10.49
2.1,134.55
1.6,55.9
1.6,118.44
3.89,256.9
0.15,33.6
0.15,24.5
0.95,38.4
0.8,53.98
0.65,47.99
0.1,21.9
1.0,59.9
0.25,56.99
0.9,349.9
0.2,29.0
0.25,29.9
0.1,34.99
0.15,21.9
0.2,49.0
0.18,12.25
2.55,99.0
1.07,149.91
0.25,56.99
0.16,14.99
0.5,1149.65
0.35,56.9
0.5,13.99
7.6,249.9
0.3,3.98
1.6,63.99
1.35,94.5
0.9,54.99
1.5,79.0
1.75,59.9
1.55,119.9
0.35,109.0
1.35,22.66
1.82,235.0
0.85,89.9
0.14,77.0
0.25,32.0
15.35,610.0
10.0,46.0
12.0,230.0
5.9,212.5
8.85,750.0
0.3,155.99
0.2,17.99
0.2,135.06
0.82,285.0
1.05,54.99
5.95,299.0
5.7,209.99
2.6,69.9
0.21,94.9
0.05,26.9
0.28,69.9
0.25,18.99
1.25,98.0
0.53,149.9
1.5,59.9
1.05,94.9
0.15,149.9
17.6,609.0
17.0,192.99
0.25,49.0
0.23,68.0
2.3,79.9
2.3,170.0
1.2,27.9
0.3,29.9
0.85,40.0
0.35,199.99
0.28,99.0
0.52,89.9
0.22,45.0
1.1,40.0
0.45,69.99
0.55,49.9
0.65,45.0
0.35,23.9
0.7,49.0
11.6,259.9
1.2,99.99
0.4,64.99
0.25,49.8
0.45,62.9
0.5,59.99
6.55,119.99
0.8,54.9
0.1,49.9
0.55,699.6
0.35,64.99
1.55,59.9
0.2,7.9
1.6,32.0
0.52,75.0
2.45,155.0
9.2,78.99
0.88,99.9
1.2,49.99
1.0,274.9
0.7,14.89
0.45,159.49
1.1,79.9
1.1,69.9
1.65,59.9
0.65,109.9
2.22,98.99
0.1,149.65
0.35,49.0
1.3,69.0
0.25,49.99
17.3,95.74
9.85,135.0
0.1,35.6
1.5,129.99
0.3,155.0
11.1,60.0
0.7,35.9
0.25,67.49
1.25,109.9
20.8,269.99
0.85,69.99
0.35,74.89
0.6,63.9
1.15,69.9
1.6,45.99
5.95,120.0
7.15,147.9
0.2,18.9
0.08,19.74
0.8,36.0
0.25,44.0
0.62,224.0
3.5,368.9
0.4,49.99
0.5,339.0
0.8,169.9
0.35,15.3
0.25,89.99
3.65,120.0
2.0,140.12
1.05,75.99
0.41,16.9
0.35,47.9
0.7,369.0
1.2,59.9
0.6,29.99
0.2,39.9
0.79,199.9
2.75,159.0
1.05,19.9
0.26,44.75
0.28,35.0
0.14,118.99
0.8,52.99
0.4,35.64
0.18,23.99
0.55,67.9
0.35,14.99
4.0,150.0
2.2,451.0
0.18,12.25
0.2,44.3
0.6,42.0
10.05,138.0
1.95,349.99
1.1,66.29
0.55,119.99
0.2,180.0
0.7,18.35
9.75,205.0
5.25,129.99
0.15,90.0
0.25,59.99
0.25,24.9
0.24,49.89
0.1,114.9
1.4,35.0
2.2,140.2
0.85,189.9
1.65,89.9
0.15,44.99
0.2,18.1
0.36,349.0
0.3,75.0
0.3,59.99
1.5,74.9
0.16,45.99
0.15,65.5
0.35,135.0
0.8,150.0
0.75,99.18
1.85,111.9
0.15,20.4
0.25,39.0
0.52,59.99
0.5,41.99
1.35,135.0
0.2,339.0
0.15,9.0
0.51,68.8
4.47,99.99
1.2,104.99
0.2,32.7
0.2,44.99
0.2,39.9
0.2,43.5
1.62,249.9
4.03,199.0
1.1,239.99
1.0,34.54
0.35,45.95
0.9,60.0
0.05,27.9
1.75,49.9
1.31,129.8
0.08,58.2
5.7,49.0
0.4,549.9
0.8,52.99
0.55,199.0
3.0,269.0
2.35,199.9
14.6,239.9
0.25,78.0
0.7,23.99
0.35,14.8
6.65,169.0
0.45,179.9
1.15,89.9
0.4,48.87
0.1,17.99
7.62,139.9
0.25,37.9
0.25,31.9
0.3,34.0
1.55,59.9
1.6,139.9
21.0,149.99
0.35,52.9
0.45,36.9
0.48,219.0
1.1,64.9
2.05,59.9
0.34,64.0
0.65,180.0
2.45,99.9
1.17,47.49
1.7,42.0
0.3,15.9
0.48,120.0
1.7,149.0
0.3,35.9
2.55,129.9
2.5,99.9
0.5,49.5
1.82,86.9
0.35,20.0
0.65,212.4
0.55,38.9
6.45,99.9
1.6,49.99
0.4,98.99
7.65,179.0
5.35,99.0
0.7,47.84
0.97,188.99
16.25,79.9
3.5,659.0
0.45,24.99
4.63,163.0
0.28,199.99
0.27,173.9
0.1,69.99
1.2,69.9
0.52,429.0
1.4,89.9
14.95,109.99
9.95,129.0
1.7,78.85
0.4,104.9
0.12,15.49
0.6,99.99
0.25,34.99
5.6,259.9
6.4,359.9
2.5,69.9
6.04,217.9
0.18,107.99
0.35,19.9
0.15,13.65
8.4,119.94
1.3,114.9
4.35,129.9
0.5,32.99
1.5,90.0
0.43,289.9
0.95,60.0
0.35,49.99
0.3,78.0
0.85,49.9
0.15,79.9
1.0,243.0
0.56,118.0
0.2,29.9
3.5,110.0
0.53,149.9
0.22,69.9
2.25,99.9
0.4,66.9
2.8,59.9
2.28,131.9
0.25,30.05
0.92,188.9
1.95,75.0
2.3,219.0
0.7,38.0
0.25,75.0
0.4,52.0
1.9,119.9
0.6,25.0
0.24,79.79
1.2,123.78
11.88,79.99
0.7,40.0
1.0,12.99
0.6,79.0
0.24,75.9
19.4,179.99
0.92,137.9
0.6,79.05
0.1,29.99
0.57,129.46
0.35,125.0
0.07,24.99
12.85,422.0
0.2,29.0
0.2,24.99
0.25,44.0
1.0,105.0
0.57,259.9
3.0,125.0
0.85,53.99
7.7,99.99
0.25,79.0
0.55,79.9
2.2,193.0
10.05,138.0
0.35,24.8
0.05,16.0
0.98,64.9
8.35,79.9
1.95,199.0
0.25,55.0
10.8,149.9
0.53,149.9
2.42,176.99
2.67,250.0
6.15,109.0
0.26,21.05
2.6,69.9
12.65,124.9
1.3,118.9
0.3,99.0
0.4,129.0
0.24,22.9
2.25,118.99
0.12,24.0
0.8,14.9
0.45,29.9
0.25,39.0
0.1,54.9
19.0,399.0
0.35,120.0
0.2,120.0
0.85,79.99
0.5,39.9
0.15,15.99
0.95,105.0
0.15,120.0
0.85,109.9
0.6,68.0
0.4,39.99
0.2,19.9
2.66,279.0
0.45,529.9
0.4,129.0
3.73,369.9
0.6,31.9
0.5,140.0
0.6,89.99
2.3,52.9
0.98,249.9
1.45,154.9
0.3,27.99
4.47,99.99
0.5,59.9
3.5,249.0
0.8,59.99
0.08,45.9
0.3,75.9
0.35,39.99
0.31,116.9
0.17,87.0
3.1,85.0
0.75,25.0
0.75,56.97
25.65,435.0
1.05,99.9
0.25,49.0
0.16,10.0
0.38,31.49
0.5,597.0
0.4,49.0
0.35,59.99
2.95,149.0
0.25,79.99
0.4,69.49
10.1,165.0
1.35,69.99
0.35,119.99
2.85,93.0
7.0,58.9
0.35,24.9
0.68,90.0
0.25,68.99
2.5,69.9
0.4,89.9
0.15,117.99
9.8,124.9
1.5,72.9
0.1,7.0
6.15,215.0
1.2,99.99
0.12,79.49
0.25,149.0
3.45,119.9
0.3,99.0
16.65,186.97
0.12,97.0
0.2,79.0
1.0,26.77
0.7,139.99
1.75,59.9
3.1,94.9
0.1,18.9
0.43,132.2
0.3,29.99
0.58,110.0
0.4,122.99
0.2,8.1
0.15,39.9
0.3,139.9
2.2,79.9
1.5,39.24
1.7,108.54
1.8,39.6
1.1,48.0
2.0,129.0
3.2,340.0
0.9,246.62
1.87,89.9
0.22,25.99
5.9,212.5
0.87,37.0
0.14,16.9
10.9,112.0
0.7,55.0
0.25,89.99
0.3,36.0
6.55,119.0
21.6,1449.0
2.7,199.9
0.3,26.9
1.9,76.8
0.98,53.9
6.25,422.0
0.7,49.9
0.22,34.99
0.85,65.0
0.18,299.0
0.35,83.9
0.68,25.53
1.5,72.9
1.2,81.49
0.2,16.9
1.0,120.0
1.5,99.0
0.24,289.9
2.0,120.0
1.2,78.99
0.4,117.0
0.4,25.0
3.0,49.0
0.4,49.0
0.28,29.9
0.15,21.99
0.7,109.9
0.19,129.99
0.25,12.9
0.2,21.99
0.42,39.9
1.38,96.9
0.15,39.9
0.95,56.1
0.8,45.9
2.9,29.99
0.15,79.9
5.55,119.9
6.65,59.97
1.6,135.0
2.6,69.9
0.2,110.32
0.9,29.9
0.55,36.9
0.1,29.3
1.8,1999.99
0.15,13.65
0.8,89.9
6.6,50.0
0.3,27.99
6.35,79.0
0.2,145.0
7.65,45.9
0.85,38.4
1.2,12.99
0.2,49.0
0.35,17.8
0.4,122.99
0.3,19.9
2.2,85.0
0.9,59.9
0.5,47.9
1.1,40.0
1.15,79.9
0.55,310.0
2.55,120.0
1.11,49.9
0.4,330.0
0.75,90.0
1.0,84.9
16.4,196.99
1.07,54.0
28.5,999.99
0.1,19.9
0.6,74.98
1.38,96.9
0.8,29.6
11.4,265.0
0.15,29.9
0.32,98.0
7.4,129.96
3.71,679.0
0.55,99.99
1.82,209.9
0.65,134.9
6.55,149.99
0.3,49.7
0.6,130.0
0.39,179.0
3.78,109.99
0.7,67.7
1.7,149.9
3.5,110.0
1.7,72.0
0.18,44.95
0.55,21.99
1.55,49.0
0.75,1650.0
0.42,44.9
1.5,689.89
0.63,270.9
7.22,69.0
7.3,59.99
5.42,139.0
0.8,199.99
0.4,29.9
0.72,40.35
1.0,72.99
1.32,90.5
0.5,289.0
10.55,499.9
0.15,19.9
0.3,49.0
0.32,69.99
0.3,91.89
0.18,39.49
0.25,14.7
0.25,19.99
0.55,38.9
3.48,99.99
0.17,74.9
1.2,199.99
7.75,99.0
0.5,29.99
2.2,136.9
23.5,176.99
6.45,50.0
0.25,24.99
0.4,122.99
0.22,65.0
0.65,16.9
12.65,149.94
0.32,9.49
11.88,79.99
0.2,20.9
0.84,113.57
1.75,399.0
1.35,55.9
6.55,109.0
4.6,99.0
0.2,13.65
1.25,125.0
7.22,79.0
0.79,149.9
5.55,178.5
4.55,219.0
0.1,24.9
0.18,13.3
0.28,6.0
0.6,48.9
17.3,259.0
0.35,49.95
0.3,46.9
0.5,799.0
0.85,749.9
0.2,110.32
0.25,39.5
0.6,43.9
1.1,34.9
0.5,50.0
3.73,369.9
0.3,6.57
0.5,185.9
1.25,45.91
0.3,82.9
0.15,79.9
0.32,94.0
11.88,79.99
0.75,59.9
0.25,18.99
1.26,99.9
0.6,19.63
3.8,16.79
1.1,15.0
0.18,95.0
0.28,69.9
1.0,59.9
3.1,398.0
0.15,110.32
3.65,279.9
0.34,162.9
0.22,19.69
1.7,149.9
5.85,189.0
1.85,59.9
0.15,24.99
1.4,15.9
1.6,129.99
0.4,69.9
1.3,39.9
0.15,15.0
2.05,69.0
1.98,109.9
1.2,89.9
0.3,195.0
0.35,24.99
0.2,22.99
4.25,94.99
0.95,79.9
0.32,84.89
0.59,74.99
1.85,70.0
1.1,89.9
0.38,115.0
0.45,30.0
0.35,99.0
0.21,89.15
1.16,69.9
5.25,109.9
0.8,45.9
0.7,80.0
1.95,199.0
0.21,9.83
0.9,129.9
0.42,550.0
4.1,59.9
0.18,110.0
1.2,34.99
1.5,69.9
0.15,18.9
0.2,19.9
1.11,53.99
0.5,92.5
0.6,119.99
0.25,24.99
1.75,59.9
5.25,129.99
0.85,59.7
5.9,94.06
0.6,49.95
4.1,99.9
3.0,138.98
0.4,107.9
2.1,98.99
5.92,48.9
0.95,106.8
8.0,425.0
0.2,58.99
0.37,86.9
0.15,10.5
0.95,119.9
0.45,9.0
0.3,69.9
0.6,50.9
0.25,89.99
5.3,225.0
0.62,127.27
0.2,27.9
12.1,229.99
1.2,99.99
0.1,24.5
0.6,29.9
0.3,164.99
7.05,49.9
0.4,93.9
1.75,107.9
1.1,61.9
7.46,79.98
10.35,140.0
0.34,229.9
8.35,134.9
0.4,49.95
1.45,167.0
9.75,103.97
0.15,21.99
0.3,79.0
0.4,162.5
2.8,1100.0
0.4,330.0
0.2,87.99
1.45,58.99
2.6,69.9
7.0,59.9
0.5,65.9
0.15,19.0
0.16,179.0
0.35,54.99
10.8,149.9
0.99,479.9
0.3,89.99
0.3,29.99
1.55,54.16
7.4,6499.0
12.95,1098.0
0.28,53.49
6.55,149.0
0.8,59.9
1.0,99.9
0.6,49.9
0.1,25.9
1.5,55.9
0.2,9.9
1.7,99.99
18.25,70.0
5.3,169.9
0.15,39.9
0.9,89.1
0.65,179.49
4.3,349.99
6.02,491.99
0.95,69.9
0.29,178.98
0.36,100.0
0.15,21.99
0.9,23.65
2.2,59.0
0.1,11.97
0.25,49.99
7.48,79.98
1.8,54.9
0.5,399.0
0.25,29.9
28.75,329.0
0.25,38.9
0.15,16.9
0.5,689.99
0.42,550.0
0.6,84.99
0.15,29.98
0.5,28.14
0.59,278.77
19.3,137.5
1.55,92.0
1.35,52.9
1.1,458.0
0.2,199.99
0.3,8.43
0.2,54.99
0.6,44.55
2.5,88.34
0.2,165.0
6.55,109.99
3.4,105.0
4.1,59.9
0.92,132.97
0.15,24.99
0.1,19.99
0.34,145.0
0.4,26.9
0.25,58.0
3.9,299.9
0.2,175.0
2.5,99.9
0.75,56.97
0.2,60.0
0.15,23.49
0.25,29.99
0.7,59.9
8.55,55.6
0.3,80.99
10.15,289.0
0.55,41.95
5.67,152.0
0.4,29.9
0.4,79.0
1.25,148.0
0.1,96.99
0.5,28.0
0.18,12.9
1.75,499.0
0.92,195.9
0.28,98.0
0.25,74.9
0.5,89.9
0.82,164.9
0.3,27.9
3.0,125.0
0.15,17.99
0.45,69.9
1.4,35.0
0.95,29.9
0.92,149.84
0.43,139.0
1.05,49.0
0.18,47.49
1.2,99.99
1.35,99.99
0.36,269.9
0.25,170.3
1.05,131.99
0.65,36.9
0.45,59.99
10.07,69.99
16.13,179.9
3.75,21.0
0.44,149.0
0.45,169.0
0.5,129.99
0.4,41.9
10.6,349.0
0.44,129.0
0.5,13.99
0.15,145.99
0.92,144.95
0.4,359.0
0.6,76.99
0.25,46.55
10.15,299.99
0.48,119.9
1.47,29.9
0.54,100.01
0.6,95.81
0.2,31.99
0.37,22.0
0.2,29.0
2.1,109.99
0.7,54.89
1.74,279.9
4.0,82.5
0.3,29.99
0.2,11.99
0.17,75.9
0.1,79.0
6.05,89.99
0.25,89.99
6.55,129.0
0.3,7.5
3.89,59.9
0.4,122.99
1.38,89.9
0.6,37.0
0.8,42.99
16.25,99.9
7.51,119.94
0.8,63.99
5.15,22.5
4.15,49.9
2.6,129.6
0.5,45.5
0.4,18.5
0.15,79.9
0.85,26.4
19.78,199.99
2.0,157.0
3.0,109.0
0.1,23.99
0.92,144.97
0.2,29.0
7.0,59.9
19.45,299.9
8.05,319.99
0.18,55.0
0.6,216.0
0.05,139.9
0.98,149.99
0.1,19.9
0.18,29.99
0.34,173.0
0.15,64.9
0.18,20.9
12.1,758.73
0.08,19.9
0.6,49.9
1.5,99.9
7.3,159.99
0.68,379.0
0.6,48.9
0.58,128.89
0.32,16.9
0.3,21.9
4.2,259.0
1.5,89.9
1.2,152.0
0.15,19.9
2.05,108.99
4.11,117.3
0.65,53.99
1.02,57.99
0.26,89.2
10.85,179.9
1.87,89.0
0.15,72.0
0.5,22.89
10.75,129.0
1.7,149.9
9.4,110.0
2.6,1599.99
9.5,329.0
0.2,236.0
0.15,52.9
0.52,34.99
1.1,580.27
4.8,49.0
0.18,107.99
0.55,21.15
0.25,38.0
1.4,26.26
0.31,103.0
14.35,34.0
1.3,51.9
0.25,109.99
0.25,17.9
0.2,67.9
5.35,269.0
15.35,572.0
0.1,25.0
0.45,399.9
0.6,75.6
0.2,39.0
0.34,45.6
0.6,83.36
0.6,334.98
1.5,32.64
1.8,188.99
0.48,319.0
0.2,59.0
0.2,84.9
0.1,6.9
0.57,152.9
1.5,199.9
0.4,44.9
16.45,192.99
1.62,239.99
0.6,22.9
0.15,14.99
1.18,85.9
10.0,173.68
2.05,142.9
0.44,229.9
0.37,434.99
2.25,115.0
3.1,62.9
8.0,321.89
0.2,149.0
0.12,69.9
0.8,42.9
0.6,164.33
2.8,1200.0
0.2,59.9
0.1,39.9
0.35,69.0
0.58,309.9
0.4,22.5
0.5,188.0
0.1,19.99
1.0,79.99
0.7,74.9
9.0,99.0
2.2,102.28
3.65,63.9
1.81,74.99
0.15,25.99
12.8,1377.5
0.28,68.9
1.55,59.9
0.34,99.9
0.15,110.32
1.58,30.21
0.2,22.0
0.87,33.99
0.1,34.5
0.75,95.2
7.55,109.0
0.24,10.42
5.05,144.9
0.4,99.0
4.5,79.9
1.65,129.9
2.9,29.99
6.04,70.0
0.8,93.0
1.4,79.9
0.2,40.0
0.52,349.9
1.35,99.99
0.95,32.9
1.2,99.99
1.6,130.0
0.75,55.0
7.0,79.0
0.4,122.99
4.8,252.5
0.17,84.0
0.45,67.9
1.45,126.98
7.0,185.0
0.3,54.9
0.1,35.0
0.4,152.9
1.81,77.99
0.1,19.0
0.2,49.99
3.5,119.9
2.55,130.0
0.95,35.0
0.9,29.9
0.4,29.99
0.28,42.9
0.4,240.35
0.8,45.9
0.56,116.9
3.37,79.99
2.6,69.9
0.2,26.99
5.0,118.6
0.3,332.0
2.6,69.9
6.45,99.9
0.28,39.9
0.35,44.9
2.3,149.99
0.1,29.9
2.3,79.9
0.65,61.9
0.3,29.99
0.25,102.0
9.75,205.0
1.25,119.99
0.3,32.9
0.2,13.65
0.28,39.9
7.75,199.0
7.65,120.0
0.2,27.9
3.3,184.9
1.1,123.9
1.55,53.9
0.15,49.99
1.75,59.9
0.45,79.0
0.2,16.99
0.9,99.99
0.22,24.9
0.6,38.9
11.85,89.99
0.2,150.0
1.8,49.0
1.7,44.99
13.85,209.99
15.22,26.19
0.25,79.99
0.8,59.9
0.4,115.0
0.2,4.2
8.68,116.99
1.2,69.9
1.09,113.9
0.3,67.0
0.15,11.99
0.45,69.99
0.18,79.9
0.2,13.9
0.2,19.99
8.3,139.97
0.4,18.9
1.25,79.95
0.15,21.99
0.26,32.98
1.4,95.0
0.5,149.99
0.25,36.33
4.3,249.9
1.5,32.64
0.25,189.0
0.53,149.9
0.1,23.99
0.43,59.9
0.35,20.0
1.85,220.7
3.7,100.86
1.95,54.9
0.2,59.49
0.68,99.99
6.45,169.0
0.25,56.99
0.15,39.9
0.2,27.9
0.1,51.49
0.8,54.9
0.25,15.9
16.13,179.9
3.2,139.9
0.82,56.99
0.18,47.49
0.15,199.9
0.65,42.9
0.3,78.0
0.6,49.0
0.2,19.9
1.1,40.0
0.48,369.9
1.3,19.3
1.14,145.9
1.92,899.0
0.58,99.9
0.26,229.0
0.58,99.9
0.18,74.9
0.35,54.99
0.2,89.0
0.21,79.0
0.15,21.9
0.59,199.98
0.25,44.95
0.05,29.0
5.65,249.9
14.81,2350.0
0.1,16.1
0.25,29.0
6.35,79.0
0.95,29.9
0.15,6.99
1.5,59.9
0.3,29.9
0.2,22.0
0.25,17.9
1.8,120.0
0.4,325.0
0.85,268.0
1.0,39.0
2.0,169.9
1.75,53.9
0.35,39.99
0.15,17.99
1.3,19.0
0.1,19.99
0.65,59.9
1.0,70.0
0.12,148.0
0.72,179.9
1.2,87.85
0.15,66.9
0.55,35.0
1.55,84.9
0.9,52.99
0.15,7.0
2.85,159.0
0.4,125.9
0.4,16.0
1.0,179.99
0.9,139.0
8.27,149.98
0.12,130.0
1.25,49.9
0.05,13.99
2.15,812.99
0.25,34.9
0.18,15.75
0.4,325.0
0.2,31.9
0.7,89.0
30.0,890.0
1.55,129.9
0.3,599.9
0.43,59.9
0.05,109.9
0.4,122.99
0.5,65.9
0.2,31.9
1.5,49.9
0.88,60.0
1.1,129.9
1.0,37.13
5.68,41.8
0.85,29.89
0.8,23.9
7.22,69.0
3.48,99.99
0.18,69.99
0.45,58.9
0.2,18.49
1.4,38.5
0.39,288.0
0.67,499.65
0.5,79.9
0.1,35.0
0.55,19.9
0.21,26.1
0.95,31.62
1.7,96.9
7.0,58.9
0.18,12.25
0.85,35.0
10.9,112.0
2.5,99.9
0.17,130.0
0.5,29.0
1.4,56.99
0.1,25.9
0.1,169.0
1.4,350.9
0.5,824.99
0.55,24.33
23.0,139.99
0.2,14.0
0.36,99.9
0.1,29.9
2.9,99.0
9.1,129.0
0.4,330.0
1.6,129.99
0.1,39.9
0.5,65.99
0.7,27.9
0.18,84.0
10.75,129.0
0.2,10.9
0.05,55.0
0.18,49.9
2.84,179.0
0.53,149.9
0.05,45.0
0.9,349.9
1.7,299.99
0.2,53.99
1.0,69.0
0.15,49.9
0.35,99.99
0.25,14.0
4.0,179.9
3.9,148.9
0.15,14.9
0.2,14.9
2.6,1599.99
1.5,138.0
5.95,143.8
14.3,259.9
0.7,139.99
10.7,159.99
2.2,179.9
0.35,64.99
0.41,49.99
0.2,37.99
0.4,22.5
0.2,20.9
10.75,129.0
1.9,119.0
1.5,59.9
13.35,99.9
0.81,217.9
3.0,27.99
0.35,109.9
1.9,99.9
7.75,199.0
0.3,29.0
1.15,120.0
0.3,39.9
0.48,89.9
0.15,78.5
0.2,21.9
0.05,27.9
1.03,37.9
0.85,49.8
0.7,67.0
0.1,19.9
0.9,44.9
9.75,103.99
0.22,23.9
0.28,39.9
1.3,79.9
8.9,130.0
3.3,96.0
2.44,139.9
0.2,83.23
2.6,69.9
0.1,20.0
1.6,129.99
0.2,18.9
0.08,12.47
1.65,119.9
1.3,154.9
5.95,69.9
0.55,29.99
0.6,46.99
0.35,50.4
0.8,76.5
0.3,99.99
0.6,131.99
0.93,49.99
0.9,31.0
0.2,39.9
0.3,29.9
0.3,139.99
3.0,59.9
0.5,35.9
1.15,79.0
0.18,43.2
0.4,55.9
8.6,479.0
1.5,119.99
0.1,29.29
5.92,69.0
0.8,175.91
0.9,299.0
0.2,39.9
1.38,89.9
0.8,45.0
0.35,189.9
0.45,269.0
1.38,89.9
0.45,256.0
3.3,139.9
2.5,69.9
0.3,439.65
5.2,17.9
9.45,320.0
0.42,159.9
1.8,344.99
10.35,559.9
0.23,29.9
11.0,219.98
1.25,97.9
2.45,105.99
1.04,69.99
0.15,45.04
16.1,108.9
0.6,49.9
0.5,18.74
0.3,27.9
0.6,67.5
0.55,34.9
0.15,18.9
1.0,64.4
0.5,19.9
30.0,391.87
12.2,259.9
0.95,35.0
0.28,139.0
0.54,79.9
1.4,89.65
0.15,29.9
0.84,113.57
2.1,169.0
0.6,59.9
0.14,129.9
0.9,46.99
1.65,59.9
8.3,240.0
0.8,58.9
0.25,78.0
2.25,169.99
9.75,200.0
1.4,115.0
0.15,29.9
0.15,21.9
0.2,39.45
0.56,527.9
2.6,69.9
0.15,49.9
1.55,99.9
2.2,55.0
0.8,93.99
0.25,23.48
0.6,50.9
0.6,84.99
0.95,59.99
0.7,170.0
0.15,65.0
2.75,159.0
1.62,113.0
10.44,154.9
0.3,132.0
2.5,105.99
1.65,89.9
0.15,49.9
1.01,35.0
0.35,39.99
4.6,205.0
0.45,385.0
0.15,78.8
0.55,26.69
1.05,35.99
3.2,69.0
0.4,72.8
0.25,19.9
0.89,99.0
0.51,399.99
0.15,35.9
0.45,85.0
0.25,29.0
0.4,34.9
1.1,46.55
7.15,147.9
3.5,199.9
0.85,56.99
19.15,399.0
0.65,39.0
0.1,108.0
0.92,137.9
0.65,53.99
0.3,29.9
0.35,39.9
6.6,86.5
1.5,189.99
11.6,229.0
0.37,69.9
0.15,114.99
9.0,89.0
0.43,31.99
9.7,109.97
0.15,39.9
0.25,79.99
0.6,35.9
0.35,5.9
0.65,84.9
0.45,49.9
0.3,29.8
0.5,29.99
0.75,99.18
0.7,1299.65
0.3,99.0
7.5,248.0
0.5,45.8
1.1,59.9
0.18,3.99
0.74,99.89
0.26,23.8
0.17,18.99
0.78,64.9
1.85,59.9
3.9,110.0
0.4,25.9
0.8,59.0
0.55,29.99
0.55,29.9
2.9,139.9
0.1,39.99
1.15,69.99
7.0,59.9
0.3,35.89
0.52,59.99
0.26,104.0
0.65,159.99
1.5,99.9
1.1,51.9
1.38,89.9
6.05,1186.0
16.65,192.97
0.15,12.5
0.62,68.7
0.2,13.2
0.25,12.99
2.9,708.0
1.8,59.9
3.3,458.85
0.81,394.9
0.85,56.99
0.3,22.9
10.07,79.99
1.55,53.9
1.1,134.0
0.2,21.99
0.35,64.99
0.3,89.99
14.15,379.0
0.15,39.9
0.7,59.0
0.92,549.9
2.6,36.5
1.53,119.9
0.25,79.99
2.5,79.0
0.35,179.0
0.98,144.99
0.55,26.4
0.1,28.49
1.87,29.5
1.4,35.0
4.65,209.99
1.5,59.9
0.65,31.9
1.1,199.9
